Check,Name,Electorate,LAB,CON,REF,RESTORE,LD,GRN,OTHER,SNP,PLAID,OTH,UKIP,BNP,RES,Total,Winner,prev_Electorate,prev_LAB,prev_CON,prev_REF,prev_RESTORE,prev_LD,prev_GRN,prev_OTHER,prev_SNP,prev_PLAID,prev_OTH,prev_UKIP,prev_BNP,prev_RES,prev_TOTAL
Aberafan Maesteg,Aberafan Maesteg,72525,9539,2445,9384,2195,641,1648,221,0,9682,,,,,35755,PLAID,72525,17838.0,2903.0,7484.0,0,916.0,1094.0,801.0,,4719.0,,,,,35755
Aberdeen North,Aberdeen North,76018,6707,3518,7295,1345,2825,4456,632,15335,0,,,,,42113,SNP,76018,12773.0,5881.0,3781.0,0,2583.0,1275.0,1269.0,14552.0,,,,,,42114
Aberdeen South,Aberdeen South,77370,7405,18564,2464,1024,2679,1687,254,12268,0,,,,,46345,CON,77370,11455.0,11300.0,3199.0,0,2921.0,1609.0,648.0,15213.0,,,,,,46345
Aberdeenshire North and Moray East,Aberdeenshire North and Moray East,70069,1819,7953,9476,1819,2763,1902,0,12455,0,,,,,38187,SNP,70069,3876.0,12513.0,5562.0,0,2782.0,,,13455.0,,,,,,38188
Airdrie and Shotts,Airdrie and Shotts,70241,9573,2128,8122,1796,1101,2405,365,11176,0,,,,,36666,SNP,70241,18871.0,1696.0,2971.0,0,725.0,,1079.0,11324.0,,,,,,36666
Aldershot,Aldershot,78550,15841,14212,10724,1993,2449,3138,137,0,0,,,,,48494,LAB,78550,19764.0,14081.0,8210.0,0,4052.0,2155.0,282.0,,,,,,,48544
Aldridge-Brownhills,Aldridge-Brownhills,70403,8154,13178,13705,2214,1303,2423,0,0,0,,,,,40977,REF,70403,11670.0,15901.0,9903.0,0,1755.0,1746.0,,,,,,,,40975
Alloa and Grangemouth,Alloa and Grangemouth,70670,8618,1933,9412,1914,1344,3413,598,13927,0,,,,,41159,SNP,70670,18039.0,3127.0,3804.0,0,1151.0,1421.0,1742.0,11917.0,,,,,,41201
Altrincham and Sale West,Altrincham and Sale West,74031,16806,18617,6832,1271,3010,4568,297,0,0,,,,,51401,CON,74031,20798.0,16624.0,4961.0,0,4727.0,3699.0,643.0,,,,,,,51452
Alyn and Deeside,Alyn and Deeside,75727,8704,7360,11021,2748,1364,3383,440,0,8371,,,,,43391,REF,75727,18395.0,7892.0,9601.0,0,2065.0,1926.0,1575.0,,1938.0,,,,,43392
Amber Valley,Amber Valley,71480,12192,6812,16621,2972,1062,2872,0,0,0,,,,,42531,REF,71480,15746.0,10725.0,12192.0,0,1590.0,2278.0,,,,,,,,42531
Angus and Perthshire Glens,Angus and Perthshire Glens,76614,3809,8935,8343,1560,3293,2286,355,18768,0,,,,,47349,SNP,76614,6799.0,14272.0,3246.0,0,3156.0,,733.0,19142.0,,,,,,47348
Arbroath and Broughty Ferry,Arbroath and Broughty Ferry,76195,6674,3564,8864,1580,2624,2497,463,17852,0,,,,,44118,SNP,76195,14722.0,6841.0,3800.0,0,2249.0,,924.0,15581.0,,,,,,44117
"Argyll, Bute and South Lochaber","Argyll, Bute and South Lochaber",72124,4353,4840,7829,1389,7540,2198,471,16196,0,,,,,44816,SNP,72124,8585.0,9350.0,3045.0,0,7359.0,,941.0,15582.0,,,,,,44862
Arundel and South Downs,Arundel and South Downs,77977,7675,20164,10715,1945,7691,6445,105,0,0,,,,,54740,CON,77977,9782.0,22001.0,7391.0,0,9867.0,5515.0,184.0,,,,,,,54740
Ashfield,Ashfield,68879,11592,2624,17967,3082,580,1913,2125,0,0,,,,,39883,REF,68879,11554.0,3271.0,17062.0,0,619.0,1100.0,6276.0,,,,,,,39882
Ashford,Ashford,76258,12921,11421,13346,2246,1554,4942,545,0,0,,,,,46975,REF,76258,15262.0,13483.0,10141.0,0,2445.0,4355.0,1289.0,,,,,,,46975
Ashton-under-Lyne,Ashton-under-Lyne,71064,13766,3891,10253,1930,1020,3207,1393,0,0,,,,,35460,LAB,71064,15575.0,4375.0,8784.0,0,1411.0,2481.0,2835.0,,,,,,,35461
Aylesbury,Aylesbury,79144,12618,12969,11338,1723,7619,3375,297,0,0,,,,,49939,CON,79144,15081.0,14451.0,6746.0,0,10440.0,2590.0,632.0,,,,,,,49940
"Ayr, Carrick and Cumnock","Ayr, Carrick and Cumnock",70336,7266,4399,9425,1519,1180,2825,170,14152,0,,,,,40936,SNP,70336,14930.0,9247.0,3544.0,0,1081.0,886.0,472.0,10776.0,,,,,,40936
Banbury,Banbury,73218,14681,12318,11833,2008,2667,4042,581,0,0,,,,,48130,LAB,73218,18468.0,15212.0,6284.0,0,4352.0,2615.0,1247.0,,,,,,,48178
Bangor Aberconwy,Bangor Aberconwy,70490,7147,8350,6453,1893,1036,2266,156,0,13848,,,,,41149,PLAID,70490,14008.0,9036.0,6091.0,0,1524.0,1361.0,528.0,,9112.0,,,,,41660
Barking,Barking,79818,15662,4305,5048,618,1397,6294,3154,0,0,,,,,36478,LAB,79818,16227.0,4294.0,5173.0,0,1015.0,4988.0,4780.0,,,,,,,36477
Barnsley North,Barnsley North,78444,14651,2237,13798,2627,1101,2377,103,0,0,,,,,36894,LAB,78444,18610.0,3083.0,10799.0,0,1336.0,1805.0,1261.0,,,,,,,36894
Barnsley South,Barnsley South,75993,13028,2436,13624,2670,879,2308,102,0,0,,,,,35047,REF,75993,16399.0,3247.0,11651.0,0,1172.0,1521.0,1092.0,,,,,,,35082
Barrow and Furness,Barrow and Furness,74992,13279,6817,15221,2403,1247,3174,81,0,0,,,,,42222,REF,74992,18537.0,13213.0,7035.0,0,1680.0,1466.0,290.0,,,,,,,42221
Basildon and Billericay,Basildon and Billericay,76868,9106,10756,15449,2064,1617,2794,296,0,0,,,,,42082,REF,76868,12885.0,12905.0,11354.0,0,2292.0,2123.0,565.0,,,,,,,42124
Basingstoke,Basingstoke,78508,16609,11321,12090,1919,2161,4607,283,0,0,,,,,48990,LAB,78508,20922.0,14438.0,6314.0,0,3176.0,3568.0,571.0,,,,,,,48989
Bassetlaw,Bassetlaw,78184,13620,7245,16428,2803,1381,3355,0,0,0,,,,,44832,REF,78184,18476.0,12708.0,9751.0,0,1996.0,1947.0,,,,,,,,44878
Bath,Bath,69652,6797,7102,6622,1195,18301,7724,389,0,0,,,,,48130,LD,69652,8665.0,7659.0,3798.0,0,19883.0,5952.0,2173.0,,,,,,,48130
Bathgate and Linlithgow,Bathgate and Linlithgow,72152,10205,2513,8693,1718,2265,3522,217,12933,0,,,,,42066,SNP,72152,19774.0,3144.0,3524.0,0,2171.0,1390.0,611.0,11451.0,,,,,,42065
Battersea,Battersea,72769,20152,11332,2753,633,4676,6698,839,0,0,,,,,47083,LAB,72769,22983.0,10944.0,2825.0,0,4826.0,4239.0,1265.0,,,,,,,47082
Beaconsfield,Beaconsfield,72753,5131,16898,10026,1343,10818,2968,541,0,0,,,,,47725,CON,72753,7216.0,18494.0,6055.0,0,13039.0,1977.0,945.0,,,,,,,47726
Beckenham and Penge,Beckenham and Penge,77115,22280,13013,7454,1088,3198,5188,0,0,0,,,,,52221,LAB,77115,25753.0,12848.0,5355.0,0,4436.0,3830.0,,,,,,,,52222
Bedford,Bedford,72720,15083,7142,8512,1290,3458,3564,1610,0,0,,,,,40659,LAB,72720,18342.0,8912.0,4548.0,0,4025.0,2394.0,2438.0,,,,,,,40659
Bermondsey and Old Southwark,Bermondsey and Old Southwark,69506,14663,4076,2903,481,6663,8196,620,0,0,,,,,37602,LAB,69506,16857.0,2879.0,3397.0,0,9070.0,4477.0,923.0,,,,,,,37603
"Berwickshire, Roxburgh and Selkirk","Berwickshire, Roxburgh and Selkirk",76449,3100,15548,7147,1572,3224,3600,80,12287,0,,,,,46558,CON,76449,6311.0,18872.0,3340.0,0,3686.0,1526.0,550.0,12273.0,,,,,,46558
Bethnal Green and Stepney,Bethnal Green and Stepney,81408,19447,2745,1467,408,2661,9544,10375,0,0,,,,,46647,LAB,81408,15896.0,1920.0,1964.0,0,4777.0,6391.0,15699.0,,,,,,,46647
Beverley and Holderness,Beverley and Holderness,71950,12640,12346,13382,2269,1975,2202,83,0,0,,,,,44897,REF,71950,15377.0,15501.0,8198.0,0,3386.0,1647.0,788.0,,,,,,,44897
Bexhill and Battle,Bexhill and Battle,72130,12116,13833,12685,2072,2056,3731,1256,0,0,,,,,47749,CON,72130,13529.0,16186.0,7929.0,0,3473.0,2972.0,3661.0,,,,,,,47750
Bexleyheath and Crayford,Bexleyheath and Crayford,70325,13001,11510,12833,1563,1549,3004,0,0,0,,,,,43460,LAB,70325,15717.0,13603.0,9861.0,0,2204.0,2076.0,,,,,,,,43461
Bicester and Woodstock,Bicester and Woodstock,74288,4718,10890,11114,1798,17988,3539,171,0,0,,,,,50218,LD,74288,8236.0,14461.0,5408.0,0,19419.0,2404.0,291.0,,,,,,,50219
Birkenhead,Birkenhead,77859,17445,1628,11473,1767,1736,8914,171,0,0,,,,,43134,LAB,77859,22468.0,3238.0,6142.0,0,2292.0,8670.0,324.0,,,,,,,43134
Birmingham Edgbaston,Birmingham Edgbaston,71838,15246,8390,4454,865,2149,4125,2199,0,0,,,,,37428,LAB,71838,16599.0,8231.0,4363.0,0,2102.0,2797.0,3336.0,,,,,,,37428
Birmingham Erdington,Birmingham Erdington,76639,13654,4957,8457,1415,988,3187,1141,0,0,,,,,33799,LAB,76639,14774.0,5402.0,7755.0,0,1128.0,2452.0,2287.0,,,,,,,33798
Birmingham Hall Green and Moseley,Birmingham Hall Green and Moseley,76905,17807,4034,1932,527,2495,5281,9488,0,0,,,,,41564,LAB,76905,12798.0,3845.0,2305.0,0,4711.0,3913.0,14034.0,,,,,,,41606
Birmingham Hodge Hill and Solihull North,Birmingham Hodge Hill and Solihull North,77758,11971,4736,6359,1167,965,2946,5993,0,0,,,,,34137,LAB,77758,10655.0,4634.0,6456.0,0,942.0,2360.0,9089.0,,,,,,,34136
Birmingham Ladywood,Birmingham Ladywood,83704,16654,2231,1154,310,692,7523,8015,0,0,,,,,36579,LAB,83704,15558.0,2218.0,1477.0,0,1711.0,3478.0,12137.0,,,,,,,36579
Birmingham Northfield,Birmingham Northfield,74118,12390,7758,10635,1836,1276,3437,320,0,0,,,,,37652,LAB,74118,14929.0,9540.0,7895.0,0,1791.0,2809.0,688.0,,,,,,,37652
Birmingham Perry Barr,Birmingham Perry Barr,76325,16679,4200,2022,414,1248,3306,9607,0,0,,,,,37476,LAB,76325,12796.0,4227.0,2446.0,0,1302.0,2440.0,14265.0,,,,,,,37476
Birmingham Selly Oak,Birmingham Selly Oak,75635,13736,6073,6282,1196,2081,7140,1877,0,0,,,,,38385,LAB,75635,17371.0,5834.0,5732.0,0,2324.0,4320.0,2842.0,,,,,,,38423
Birmingham Yardley,Birmingham Yardley,73165,13728,4333,4255,966,3061,2812,6990,0,0,,,,,36145,LAB,73165,11275.0,3634.0,5061.0,0,3634.0,1958.0,10582.0,,,,,,,36144
Bishop Auckland,Bishop Auckland,70800,12189,7307,13948,2559,1150,3177,57,0,0,,,,,40387,REF,70800,17036.0,10364.0,9466.0,0,1373.0,1857.0,331.0,,,,,,,40427
Blackburn,Blackburn,73233,12870,2911,5224,1146,587,4039,12110,0,0,,,,,38887,LAB,73233,10386.0,3474.0,4844.0,0,689.0,1416.0,18078.0,,,,,,,38887
Blackley and Middleton South,Blackley and Middleton South,72142,13988,3328,7064,1249,1584,4126,0,0,0,,,,,31339,LAB,72142,16864.0,3073.0,6614.0,0,1592.0,3197.0,,,,,,,,31340
Blackpool North and Fleetwood,Blackpool North and Fleetwood,73350,13389,5874,17226,2482,938,1758,101,0,0,,,,,41768,REF,73350,16744.0,12097.0,9913.0,0,1318.0,1269.0,469.0,,,,,,,41810
Blackpool South,Blackpool South,77488,13265,3632,13247,2301,783,1732,220,0,0,,,,,35180,LAB,77488,16916.0,5504.0,10068.0,0,1041.0,1207.0,444.0,,,,,,,35180
Blaenau Gwent and Rhymney,Blaenau Gwent and Rhymney,70074,5913,2858,8222,799,866,2037,800,0,8397,,,,,29892,PLAID,70074,16027.0,3776.0,,0,1268.0,1719.0,3288.0,,3844.0,,,,,29922
Blaydon and Consett,Blaydon and Consett,70477,15189,4814,14225,2539,1818,3528,61,0,0,,,,,42174,LAB,70477,21160.0,6052.0,10007.0,0,2273.0,2589.0,135.0,,,,,,,42216
Blyth and Ashington,Blyth and Ashington,76662,14439,3627,15081,2721,1073,3460,0,0,0,,,,,40401,REF,76662,20030.0,6121.0,10857.0,0,1433.0,1960.0,,,,,,,,40401
Bognor Regis and Littlehampton,Bognor Regis and Littlehampton,76892,9514,10168,18903,2604,3446,2981,211,0,0,,,,,47827,REF,76892,13913.0,15678.0,10262.0,0,5081.0,2185.0,708.0,,,,,,,47827
Bolsover,Bolsover,77152,12538,5885,15867,2813,1315,3974,0,0,0,,,,,42392,REF,77152,17197.0,10874.0,9131.0,0,1478.0,3754.0,,,,,,,,42434
Bolton North East,Bolton North East,79998,14519,9352,10282,2050,1068,5085,1002,0,0,,,,,43358,LAB,79998,16166.0,9513.0,9428.0,0,1507.0,4683.0,2062.0,,,,,,,43359
Bolton South and Walkden,Bolton South and Walkden,79590,14395,4258,8500,1613,1286,3515,3364,0,0,,,,,36931,LAB,79590,15093.0,4170.0,8350.0,0,1384.0,2827.0,5106.0,,,,,,,36930
Bolton West,Bolton West,75172,14672,11355,10679,1969,1293,4523,107,0,0,,,,,44598,LAB,75172,17363.0,12418.0,8517.0,0,1966.0,4132.0,202.0,,,,,,,44598
Bootle,Bootle,73082,17504,1625,12557,1576,1107,4291,182,0,0,,,,,38842,LAB,73082,26729.0,1674.0,4746.0,0,1301.0,3904.0,526.0,,,,,,,38880
Boston and Skegness,Boston and Skegness,75758,6713,8742,18683,2960,1177,1916,264,0,0,,,,,40455,REF,75758,7629.0,13510.0,15520.0,0,1375.0,1506.0,915.0,,,,,,,40455
Bournemouth East,Bournemouth East,72318,16188,6294,14425,1660,2185,3598,560,0,0,,,,,44910,LAB,72318,18316.0,12837.0,6268.0,0,3082.0,2790.0,1617.0,,,,,,,44910
Bournemouth West,Bournemouth West,70263,11861,10072,9885,1597,2571,3269,164,0,0,,,,,39419,LAB,70263,14365.0,11141.0,6647.0,0,4311.0,2614.0,340.0,,,,,,,39418
Bracknell,Bracknell,71629,12392,12454,11242,1680,2842,2877,305,0,0,,,,,43792,CON,71629,14783.0,13999.0,7445.0,0,4768.0,2166.0,676.0,,,,,,,43837
Bradford East,Bradford East,75052,15399,3706,4614,1056,1659,4028,6755,0,0,,,,,37217,LAB,75052,14098.0,3450.0,4952.0,0,1910.0,2571.0,10235.0,,,,,,,37216
Bradford South,Bradford South,71058,12291,4191,8309,1607,729,3660,2255,0,0,,,,,33042,LAB,71058,11833.0,4853.0,7441.0,0,954.0,3366.0,4595.0,,,,,,,33042
Bradford West,Bradford West,77901,16217,2883,2514,558,624,4266,10020,0,0,,,,,37082,LAB,77901,11724.0,3055.0,2958.0,0,756.0,3690.0,14898.0,,,,,,,37081
Braintree,Braintree,77698,10633,15078,15211,2576,1885,3472,174,0,0,,,,,49029,REF,77698,13744.0,17414.0,11346.0,0,2879.0,2878.0,767.0,,,,,,,49028
"Brecon, Radnor and Cwm Tawe","Brecon, Radnor and Cwm Tawe",73073,3482,5514,7471,2205,13669,2269,99,0,5412,,,,,40121,LD,73073,9904.0,12264.0,6567.0,0,13736.0,1188.0,609.0,,2280.0,,,,,46548
Brent East,Brent East,77622,18493,6781,1758,344,2718,5262,2445,0,0,,,,,37801,LAB,77622,19370.0,6323.0,2024.0,0,2635.0,3729.0,3721.0,,,,,,,37802
Brent West,Brent West,80030,16385,14786,1582,227,2070,4994,1332,0,0,,,,,41376,LAB,80030,17258.0,13465.0,2061.0,0,3013.0,2805.0,2774.0,,,,,,,41376
Brentford and Isleworth,Brentford and Isleworth,79392,18549,10941,3666,629,3679,5625,2121,0,0,,,,,45210,LAB,79392,20007.0,10183.0,3940.0,0,3863.0,4029.0,3232.0,,,,,,,45254
Brentwood and Ongar,Brentwood and Ongar,75400,7547,19172,13196,1693,3972,2639,113,0,0,,,,,48332,CON,75400,11082.0,17731.0,11751.0,0,5809.0,1770.0,189.0,,,,,,,48332
Bridgend,Bridgend,73289,8144,6211,10273,2294,948,2482,928,0,10094,,,,,41374,REF,73289,16516.0,6764.0,7921.0,0,1446.0,1760.0,3338.0,,3629.0,,,,,41374
Bridgwater,Bridgwater,71531,7392,7948,15911,2502,3860,2388,128,0,0,,,,,40129,REF,71531,10932.0,12281.0,8913.0,0,5781.0,1720.0,502.0,,,,,,,40129
Bridlington and The Wolds,Bridlington and The Wolds,74656,9006,11281,15662,2674,2053,2151,111,0,0,,,,,42938,REF,74656,11721.0,14846.0,10350.0,0,3097.0,1595.0,1328.0,,,,,,,42937
Brigg and Immingham,Brigg and Immingham,73037,9063,13693,13781,2685,958,2329,0,0,0,,,,,42509,REF,73037,12662.0,15905.0,10594.0,0,1442.0,1905.0,,,,,,,,42508
Brighton Kemptown and Peacehaven,Brighton Kemptown and Peacehaven,68726,15093,3087,9455,1289,2542,8651,529,0,0,,,,,40646,LAB,68726,17893.0,8230.0,,0,3949.0,7997.0,2617.0,,,,,,,40686
Brighton Pavilion,Brighton Pavilion,74804,12010,1578,5685,1004,1741,29930,415,0,0,,,,,52363,GRN,74804,14519.0,3975.0,2836.0,0,1604.0,28809.0,620.0,,,,,,,52363
Bristol Central,Bristol Central,62756,12084,1374,2038,416,1548,25763,143,0,0,,,,,43366,GRN,62756,14132.0,1998.0,1338.0,0,1162.0,24539.0,196.0,,,,,,,43365
Bristol East,Bristol East,75962,16190,1833,8932,1561,1828,15277,442,0,0,,,,,46063,LAB,75962,20748.0,6435.0,,0,2713.0,14142.0,2071.0,,,,,,,46109
Bristol North East,Bristol North East,70098,15928,3961,9754,1608,1569,8421,748,0,0,,,,,41989,LAB,70098,19004.0,6216.0,5418.0,0,1964.0,7837.0,1550.0,,,,,,,41989
Bristol North West,Bristol North West,74217,17872,5286,10427,1559,3738,9423,160,0,0,,,,,48465,LAB,74217,24058.0,6773.0,4863.0,0,4159.0,8389.0,222.0,,,,,,,48464
Bristol South,Bristol South,75483,14607,1247,12055,1969,1817,11630,79,0,0,,,,,43404,LAB,75483,18521.0,4947.0,6195.0,0,2721.0,10855.0,164.0,,,,,,,43403
Broadland and Fakenham,Broadland and Fakenham,76883,10713,15957,12828,2461,3625,3929,0,0,0,,,,,49513,CON,76883,15603.0,16322.0,8859.0,0,5526.0,3203.0,,,,,,,,49513
Bromley and Biggin Hill,Bromley and Biggin Hill,70676,13071,13950,12382,1138,2695,3462,43,0,0,,,,,46741,CON,70676,15627.0,15929.0,8203.0,0,4352.0,2583.0,94.0,,,,,,,46788
Bromsgrove,Bromsgrove,76487,12670,15004,13755,2155,4244,2374,202,0,0,,,,,50404,CON,76487,13517.0,16533.0,9584.0,0,7391.0,1675.0,1705.0,,,,,,,50405
Broxbourne,Broxbourne,75222,10018,12980,13001,1729,1874,3217,133,0,0,,,,,42952,REF,75222,12952.0,15810.0,8782.0,0,2688.0,2461.0,259.0,,,,,,,42952
Broxtowe,Broxtowe,71936,16225,8290,13190,2165,2495,4950,523,0,0,,,,,47838,LAB,71936,19561.0,11158.0,8402.0,0,3807.0,3488.0,1422.0,,,,,,,47838
Buckingham and Bletchley,Buckingham and Bletchley,75113,14950,16232,8237,1773,2643,3531,227,0,0,,,,,47593,CON,75113,17602.0,15181.0,7468.0,0,4300.0,2590.0,500.0,,,,,,,47641
Burnley,Burnley,74941,10919,6678,10870,2016,4370,4553,273,0,0,,,,,39679,LAB,74941,12598.0,8058.0,7755.0,0,9178.0,1518.0,612.0,,,,,,,39719
Burton and Uttoxeter,Burton and Uttoxeter,77994,13697,11734,13110,2449,1054,2631,952,0,0,,,,,45627,LAB,77994,16222.0,13956.0,9611.0,0,1663.0,2119.0,2056.0,,,,,,,45627
Bury North,Bury North,77679,17422,10044,11508,1919,953,2309,1364,0,0,,,,,45519,LAB,77679,19625.0,12681.0,7385.0,0,1317.0,1747.0,2765.0,,,,,,,45520
Bury South,Bury South,75382,14971,11895,7002,1629,1566,4322,829,0,0,,,,,42214,LAB,75382,19247.0,9886.0,6865.0,0,1796.0,2715.0,1705.0,,,,,,,42214
Bury St Edmunds and Stowmarket,Bury St Edmunds and Stowmarket,78417,13711,11996,13882,2425,1868,6478,483,0,0,,,,,50843,REF,78417,16745.0,15293.0,8595.0,0,3154.0,5761.0,1345.0,,,,,,,50893
Caerfyrddin,Caerfyrddin,74032,5094,8572,6905,2227,1240,2349,201,0,19016,,,,,45604,PLAID,74032,10985.0,8825.0,6944.0,0,1461.0,1371.0,498.0,,15520.0,,,,,45604
Caerphilly,Caerphilly,72688,7055,3920,8291,2325,1239,2149,0,0,13255,,,,,38234,PLAID,72688,14538.0,4385.0,7754.0,0,1788.0,1650.0,,,8119.0,,,,,38234
"Caithness, Sutherland and Easter Ross","Caithness, Sutherland and Easter Ross",74708,2074,929,8318,1760,21477,3784,0,7706,0,,,,,46048,LD,74708,3409.0,1860.0,3360.0,0,22736.0,1641.0,795.0,12247.0,,,,,,46048
Calder Valley,Calder Valley,77684,16705,11502,12615,2188,1960,4351,287,0,0,,,,,49608,LAB,77684,22046.0,13055.0,7644.0,0,2587.0,3701.0,575.0,,,,,,,49608
Camborne and Redruth,Camborne and Redruth,74315,15681,7225,15677,2595,2717,3789,53,0,0,,,,,47737,LAB,74315,19360.0,11554.0,8952.0,0,4113.0,2840.0,966.0,,,,,,,47785
Cambridge,Cambridge,70283,15998,4082,4306,399,5241,11124,950,0,0,,,,,42100,LAB,70283,19614.0,5073.0,,0,8536.0,6842.0,2035.0,,,,,,,42100
Cannock Chase,Cannock Chase,76976,12170,8159,16479,2862,724,2558,0,0,0,,,,,42952,REF,76976,15671.0,12546.0,11570.0,0,1029.0,2137.0,,,,,,,,42953
Canterbury,Canterbury,71131,16383,11526,8601,1544,2490,6550,138,0,0,,,,,47232,LAB,71131,19531.0,10878.0,6805.0,0,3812.0,5920.0,285.0,,,,,,,47231
Cardiff East,Cardiff East,72854,7330,2665,5098,1410,5145,8556,42,0,7297,,,,,37543,GRN,72854,15833.0,3913.0,4980.0,0,6736.0,3916.0,195.0,,3550.0,,,,,39123
Cardiff North,Cardiff North,71495,9786,10055,6661,1603,1923,5307,0,0,11358,,,,,46693,PLAID,71495,20849.0,9642.0,5985.0,0,3168.0,3160.0,,,4669.0,,,,,47473
Cardiff South and Penarth,Cardiff South and Penarth,73089,7855,4231,3843,1178,1714,12831,0,0,6322,,,,,37974,GRN,73089,17428.0,5459.0,4493.0,0,2908.0,5661.0,,,3227.0,,,,,39176
Cardiff West,Cardiff West,75730,8772,6542,6714,1696,1327,4462,391,0,14853,,,,,44757,PLAID,75730,16442.0,6835.0,5626.0,0,1921.0,3157.0,1353.0,,9423.0,,,,,44757
Carlisle,Carlisle,77930,14497,6507,17079,2747,1961,3004,185,0,0,,,,,45980,REF,77930,18129.0,12929.0,9295.0,0,2982.0,1922.0,722.0,,,,,,,45979
Carshalton and Wallington,Carshalton and Wallington,74315,3851,12246,7651,1314,17972,3206,431,0,0,,,,,46671,LD,74315,6108.0,12221.0,5941.0,0,20126.0,1517.0,757.0,,,,,,,46670
Castle Point,Castle Point,71036,6246,10833,17648,2376,975,2554,0,0,0,,,,,40632,REF,71036,9455.0,15485.0,12234.0,0,1341.0,2118.0,,,,,,,,40633
Central Ayrshire,Central Ayrshire,69378,8765,3329,9195,1644,1220,2889,172,14205,0,,,,,41419,SNP,69378,18091.0,6147.0,3420.0,0,983.0,1039.0,517.0,11222.0,,,,,,41419
Central Devon,Central Devon,75256,12229,17835,11519,2329,5325,4101,95,0,0,,,,,53433,CON,75256,16770.0,16831.0,7784.0,0,8232.0,3338.0,477.0,,,,,,,53432
Central Suffolk and North Ipswich,Central Suffolk and North Ipswich,72877,8410,13567,12297,2234,3261,6377,277,0,0,,,,,46423,CON,72877,10854.0,15144.0,8806.0,0,5407.0,5652.0,560.0,,,,,,,46423
Ceredigion Preseli,Ceredigion Preseli,75656,2767,5347,4499,1807,5904,2908,93,0,22932,,,,,46257,PLAID,75656,5386.0,4763.0,5374.0,0,6949.0,1864.0,228.0,,21738.0,,,,,46302
Chatham and Aylesford,Chatham and Aylesford,75082,11817,7544,14358,2108,1522,3108,389,0,0,,,,,40846,REF,75082,13689.0,11691.0,9989.0,0,2175.0,2504.0,797.0,,,,,,,40845
Cheadle,Cheadle,74385,4637,11157,8309,1366,21759,2958,545,0,0,,,,,50731,LD,74385,7909.0,11446.0,5149.0,0,23681.0,1630.0,916.0,,,,,,,50731
Chelmsford,Chelmsford,77189,3842,9863,14340,1773,17549,3015,334,0,0,,,,,50716,LD,77189,6108.0,15461.0,6754.0,0,20214.0,1588.0,591.0,,,,,,,50716
Chelsea and Fulham,Chelsea and Fulham,78526,17119,19846,2362,588,2610,4297,294,0,0,,,,,47116,CON,78526,18556.0,18404.0,3144.0,0,3611.0,2798.0,603.0,,,,,,,47116
Cheltenham,Cheltenham,76101,1975,6844,12638,1202,21555,4905,423,0,0,,,,,49542,LD,76101,2665.0,17866.0,,0,25076.0,3160.0,775.0,,,,,,,49542
Chesham and Amersham,Chesham and Amersham,74903,2292,17821,9349,1327,20251,3081,333,0,0,,,,,54454,LD,74903,3502.0,18971.0,5310.0,0,24422.0,1673.0,577.0,,,,,,,54455
Chester North and Neston,Chester North and Neston,70163,16943,7184,11709,1773,1590,5451,0,0,0,,,,,44650,LAB,70163,22258.0,10388.0,5870.0,0,2076.0,4102.0,,,,,,,,44694
Chester South and Eddisbury,Chester South and Eddisbury,74237,13349,20767,9605,1819,3508,3211,175,0,0,,,,,52434,CON,74237,16848.0,19905.0,6414.0,0,5430.0,2278.0,1611.0,,,,,,,52486
Chesterfield,Chesterfield,71646,15203,3515,15133,2386,1732,3396,190,0,0,,,,,41555,LAB,71646,19316.0,8496.0,7897.0,0,2553.0,2682.0,611.0,,,,,,,41555
Chichester,Chichester,78351,2006,10128,12289,2182,21656,3565,122,0,0,,,,,51948,LD,78351,3175.0,13368.0,7859.0,0,25540.0,1815.0,190.0,,,,,,,51947
Chingford and Woodford Green,Chingford and Woodford Green,74177,18107,15736,5794,960,1100,2615,4151,0,0,,,,,48463,LAB,74177,12524.0,17281.0,3653.0,0,1275.0,1334.0,12445.0,,,,,,,48512
Chippenham,Chippenham,74187,2639,8115,13870,2051,19280,3311,197,0,0,,,,,49463,LD,74187,3925.0,14414.0,6127.0,0,22552.0,1954.0,540.0,,,,,,,49512
Chipping Barnet,Chipping Barnet,78004,18617,19820,4426,810,1860,5006,269,0,0,,,,,50808,CON,78004,21585.0,18671.0,3986.0,0,2614.0,3442.0,561.0,,,,,,,50859
Chorley,Chorley,74810,3744,1695,9647,0,0,6251,12627,0,0,,,,,33964,OTHER,74810,,,,0,,4663.0,29301.0,,,,,,,33964
Christchurch,Christchurch,71073,6458,11664,17473,2203,6248,2729,514,0,0,,,,,47289,REF,71073,7762.0,16941.0,8961.0,0,9486.0,1900.0,2285.0,,,,,,,47335
Cities of London and Westminster,Cities of London and Westminster,73132,14113,14777,1436,311,2372,5547,659,0,0,,,,,39215,CON,73132,15302.0,12594.0,2752.0,0,4335.0,2844.0,1388.0,,,,,,,39215
City of Durham,City of Durham,70532,12827,4639,9533,1763,3515,8275,75,0,0,,,,,40627,LAB,70532,19131.0,5221.0,7374.0,0,5920.0,2803.0,178.0,,,,,,,40627
Clacton,Clacton,78695,6261,8605,23637,3256,1675,2382,141,0,0,,,,,45957,REF,78695,7448.0,12820.0,21225.0,0,2016.0,1935.0,514.0,,,,,,,45958
Clapham and Brixton Hill,Clapham and Brixton Hill,74203,20697,4551,2587,572,5822,8130,339,0,0,,,,,42698,LAB,74203,24166.0,4360.0,1758.0,0,6161.0,5768.0,528.0,,,,,,,42741
Clwyd East,Clwyd East,76637,8822,14052,8242,2406,1158,2596,175,0,10038,,,,,47489,CON,76637,18484.0,13862.0,7626.0,0,1859.0,1659.0,599.0,,3733.0,,,,,47822
Clwyd North,Clwyd North,75003,7034,9145,7326,2264,1033,2285,0,0,8089,,,,,37176,CON,75003,14794.0,13598.0,7000.0,0,1685.0,1391.0,,,3159.0,,,,,41627
Coatbridge and Bellshill,Coatbridge and Bellshill,72666,9834,2061,8216,1904,1051,3686,213,11767,0,,,,,38732,SNP,72666,19291.0,1382.0,2601.0,0,671.0,1229.0,610.0,12947.0,,,,,,38731
Colchester,Colchester,78639,15954,7620,12019,1717,4120,3429,44,0,0,,,,,44903,LAB,78639,18804.0,10554.0,6664.0,0,6393.0,2414.0,74.0,,,,,,,44903
Colne Valley,Colne Valley,72560,15312,11247,12077,1953,1336,4027,223,0,0,,,,,46175,LAB,72560,18970.0,14007.0,7298.0,0,2007.0,3480.0,459.0,,,,,,,46221
Congleton,Congleton,73222,16151,13754,13054,2143,1730,2657,636,0,0,,,,,50125,LAB,73222,18875.0,15488.0,8245.0,0,2785.0,2007.0,2725.0,,,,,,,50125
Corby and East Northamptonshire,Corby and East Northamptonshire,78837,15775,9779,15622,2613,1557,4093,151,0,0,,,,,49590,LAB,78837,21020.0,14689.0,8760.0,0,2191.0,2507.0,422.0,,,,,,,49589
Coventry East,Coventry East,76110,15762,6307,7116,1410,1387,3834,1197,0,0,,,,,37013,LAB,76110,18308.0,6240.0,6685.0,0,1227.0,2730.0,1824.0,,,,,,,37014
Coventry North West,Coventry North West,75053,16097,8347,9133,1773,1873,4473,333,0,0,,,,,42029,LAB,75053,19696.0,8522.0,7950.0,0,1931.0,3420.0,511.0,,,,,,,42030
Coventry South,Coventry South,76305,17254,10330,5505,1038,1953,5844,806,0,0,,,,,42730,LAB,76305,20361.0,10160.0,5711.0,0,2531.0,2363.0,1605.0,,,,,,,42731
Cowdenbeath and Kirkcaldy,Cowdenbeath and Kirkcaldy,71855,9209,2045,8577,1679,1706,3494,437,13667,0,,,,,40814,SNP,71855,18662.0,3203.0,3128.0,0,1593.0,1556.0,1258.0,11414.0,,,,,,40814
Cramlington and Killingworth,Cramlington and Killingworth,76292,17071,6777,14365,2434,1519,3079,150,0,0,,,,,45395,LAB,76292,22274.0,8592.0,9454.0,0,1898.0,2144.0,1032.0,,,,,,,45394
Crawley,Crawley,75566,15292,13715,8652,1866,1450,3339,1282,0,0,,,,,45596,LAB,75566,17453.0,12218.0,8447.0,0,2205.0,2621.0,2698.0,,,,,,,45642
Crewe and Nantwich,Crewe and Nantwich,78400,16753,6164,16315,2602,1589,3440,287,0,0,,,,,47150,LAB,78400,20837.0,11110.0,9602.0,0,2286.0,2151.0,1211.0,,,,,,,47197
Croydon East,Croydon East,76536,16273,12299,6156,1014,2617,5420,0,0,0,,,,,43779,LAB,76536,18541.0,11716.0,5862.0,0,3563.0,4097.0,,,,,,,,43779
Croydon South,Croydon South,74928,13100,22506,4962,916,3210,4229,455,0,0,,,,,49378,CON,74928,17444.0,19757.0,4149.0,0,4384.0,2859.0,785.0,,,,,,,49378
Croydon West,Croydon West,77959,18105,7102,1994,428,3694,5842,956,0,0,,,,,38121,LAB,77959,20612.0,6386.0,2148.0,0,3667.0,3851.0,1458.0,,,,,,,38122
Cumbernauld and Kirkintilloch,Cumbernauld and Kirkintilloch,70405,9113,1836,8062,1695,1503,3934,0,14833,0,,,,,40976,SNP,70405,18513.0,1939.0,3167.0,0,1294.0,1694.0,,14369.0,,,,,,40976
Dagenham and Rainham,Dagenham and Rainham,76509,14510,5939,10738,1146,1073,5098,363,0,0,,,,,38867,LAB,76509,16571.0,6926.0,9398.0,0,1033.0,4184.0,755.0,,,,,,,38867
Darlington,Darlington,70747,13226,5805,16559,2222,1225,3341,0,0,0,,,,,42378,REF,70747,16621.0,14323.0,6852.0,0,1735.0,2847.0,,,,,,,,42378
Dartford,Dartford,75403,12971,11684,12542,1604,1564,4123,0,0,0,,,,,44488,LAB,75403,15392.0,14200.0,9523.0,0,2184.0,3189.0,,,,,,,,44488
Daventry,Daventry,80917,10468,21193,10770,2451,4385,3813,0,0,0,,,,,53080,CON,80917,14860.0,17872.0,10636.0,0,6755.0,2959.0,,,,,,,,53082
Derby North,Derby North,71661,15266,8443,10072,1801,1360,3977,0,0,0,,,,,40919,LAB,71661,18619.0,9704.0,7488.0,0,1822.0,3286.0,,,,,,,,40919
Derby South,Derby South,72883,15150,4900,9050,1477,1410,2685,2729,0,0,,,,,37401,LAB,72883,14503.0,5192.0,8501.0,0,1807.0,1899.0,5497.0,,,,,,,37399
Derbyshire Dales,Derbyshire Dales,73350,13904,16882,11698,2249,3021,3426,92,0,0,,,,,51272,CON,73350,17759.0,17409.0,7728.0,0,4860.0,2830.0,686.0,,,,,,,51272
Dewsbury and Batley,Dewsbury and Batley,71694,11761,3766,5916,1309,928,3879,10512,0,0,,,,,38071,LAB,71694,8707.0,4182.0,6152.0,0,1340.0,2048.0,15641.0,,,,,,,38070
Didcot and Wantage,Didcot and Wantage,80727,4614,11715,12638,1931,19804,3852,124,0,0,,,,,54678,LD,80727,8045.0,15560.0,6400.0,0,21793.0,2693.0,242.0,,,,,,,54733
Doncaster Central,Doncaster Central,74915,14361,4251,12806,2092,923,2781,729,0,0,,,,,37943,LAB,74915,17515.0,7964.0,7886.0,0,1199.0,1880.0,1500.0,,,,,,,37944
Doncaster East and the Isle of Axholme,Doncaster East and the Isle of Axholme,70369,10931,8984,13140,2330,824,2849,74,0,0,,,,,39132,REF,70369,15122.0,12811.0,8487.0,0,1166.0,1400.0,146.0,,,,,,,39132
Doncaster North,Doncaster North,69824,11523,2302,12297,823,941,2703,412,0,0,,,,,31001,REF,69824,16231.0,7105.0,,0,1045.0,1778.0,4843.0,,,,,,,31002
Dorking and Horley,Dorking and Horley,71583,2549,11586,12359,1627,18321,3523,0,0,0,,,,,49965,LD,71583,4053.0,15530.0,6898.0,0,20921.0,2563.0,,,,,,,,49965
Dover and Deal,Dover and Deal,76398,15762,7661,15809,2701,1703,3725,367,0,0,,,,,47728,REF,76398,18940.0,10370.0,11355.0,0,2595.0,3106.0,1409.0,,,,,,,47775
Droitwich and Evesham,Droitwich and Evesham,76948,7283,15371,16412,2445,3454,4504,140,0,0,,,,,49609,REF,76948,10980.0,19975.0,9456.0,0,5131.0,3828.0,239.0,,,,,,,49609
Dudley,Dudley,70326,10683,6371,13405,2098,809,1662,767,0,0,,,,,35795,REF,70326,12215.0,10315.0,9442.0,0,1056.0,1154.0,1614.0,,,,,,,35796
Dulwich and West Norwood,Dulwich and West Norwood,74268,21946,4613,3402,608,3971,10627,210,0,0,,,,,45377,LAB,74268,27356.0,3873.0,1801.0,0,3485.0,8567.0,296.0,,,,,,,45378
Dumfries and Galloway,Dumfries and Galloway,78516,4694,10139,9288,1750,2033,3201,88,14581,0,,,,,45774,SNP,78516,11767.0,13527.0,4313.0,0,2092.0,1249.0,230.0,12597.0,,,,,,45775
"Dumfriesshire, Clydesdale and Tweeddale","Dumfriesshire, Clydesdale and Tweeddale",71827,4096,11843,8413,1603,2575,3223,85,12336,0,,,,,44174,SNP,71827,10140.0,14999.0,3822.0,0,2800.0,1448.0,208.0,10757.0,,,,,,44174
Dundee Central,Dundee Central,74279,7720,1238,6303,1279,2715,4751,904,13940,0,,,,,38850,SNP,74279,14869.0,1569.0,2363.0,0,2402.0,,2101.0,15544.0,,,,,,38848
Dunfermline and Dollar,Dunfermline and Dollar,72772,10702,2569,8333,1637,3046,4247,231,13772,0,,,,,44537,SNP,72772,20336.0,3297.0,2887.0,0,3181.0,2078.0,663.0,12095.0,,,,,,44537
Dunstable and Leighton Buzzard,Dunstable and Leighton Buzzard,76741,12706,10283,14143,1971,3996,2903,43,0,0,,,,,46045,REF,76741,14976.0,14309.0,8071.0,0,6497.0,2115.0,77.0,,,,,,,46045
Dwyfor Meirionnydd,Dwyfor Meirionnydd,73047,2870,4465,4622,1679,1167,2264,113,0,23174,,,,,40354,PLAID,73047,5912.0,4712.0,4857.0,0,1381.0,1448.0,297.0,,21788.0,,,,,40395
Ealing Central and Acton,Ealing Central and Acton,78438,20359,9394,2769,551,5528,7529,1639,0,0,,,,,47769,LAB,78438,22340.0,8345.0,3105.0,0,6056.0,5444.0,2479.0,,,,,,,47769
Ealing North,Ealing North,74743,19266,8680,3921,526,2688,5584,2568,0,0,,,,,43233,LAB,74743,20663.0,8144.0,3948.0,0,2543.0,4056.0,3878.0,,,,,,,43232
Ealing Southall,Ealing Southall,78682,21330,7689,2199,507,3101,7431,4511,0,0,,,,,46768,LAB,78682,23000.0,7207.0,2585.0,0,2832.0,4356.0,6836.0,,,,,,,46816
Earley and Woodley,Earley and Woodley,73580,15207,14340,5415,1154,3696,5727,375,0,0,,,,,45914,LAB,73580,18209.0,17361.0,,0,6142.0,3418.0,784.0,,,,,,,45914
Easington,Easington,69464,12140,3441,12905,2395,797,2528,119,0,0,,,,,34325,REF,69464,16774.0,3753.0,10232.0,0,811.0,1173.0,1581.0,,,,,,,34324
East Grinstead and Uckfield,East Grinstead and Uckfield,75325,8860,13132,10822,1209,8377,6268,1726,0,0,,,,,50394,CON,75325,10440.0,19319.0,,0,10839.0,5277.0,4518.0,,,,,,,50393
East Ham,East Ham,79271,19838,4271,935,198,1221,6340,5052,0,0,,,,,37855,LAB,79271,19570.0,3876.0,1340.0,0,1210.0,4226.0,7670.0,,,,,,,37892
East Hampshire,East Hampshire,70771,3160,11484,15360,1790,15100,3035,127,0,0,,,,,50056,REF,70771,4967.0,18509.0,6476.0,0,17234.0,2404.0,516.0,,,,,,,50106
East Kilbride and Strathaven,East Kilbride and Strathaven,76443,11255,2771,9076,1700,1415,4250,210,16030,0,,,,,46707,SNP,76443,22682.0,3547.0,3377.0,0,1074.0,1811.0,591.0,13625.0,,,,,,46707
East Renfrewshire,East Renfrewshire,74631,11520,6838,6878,956,1485,4654,473,17524,0,,,,,50328,SNP,74631,21935.0,8494.0,2360.0,0,1150.0,1510.0,1364.0,13514.0,,,,,,50327
East Surrey,East Surrey,73317,8186,16734,12703,1605,5728,3828,411,0,0,,,,,49195,CON,73317,10052.0,17502.0,8380.0,0,8833.0,2957.0,1472.0,,,,,,,49196
East Thanet,East Thanet,74935,14126,4375,15383,2233,1033,5063,457,0,0,,,,,42670,REF,74935,17054.0,10083.0,8591.0,0,1365.0,4590.0,1030.0,,,,,,,42713
East Wiltshire,East Wiltshire,74202,9693,15175,12163,1985,5193,2838,146,0,0,,,,,47193,CON,74202,12133.0,16849.0,7885.0,0,8204.0,1844.0,278.0,,,,,,,47193
East Worthing and Shoreham,East Worthing and Shoreham,74700,17652,7941,14723,2096,2141,4180,345,0,0,,,,,49078,LAB,74700,22120.0,12601.0,7169.0,0,3180.0,3246.0,762.0,,,,,,,49078
Eastbourne,Eastbourne,72624,1721,6225,12943,1925,19307,3408,80,0,0,,,,,45609,LD,72624,2689.0,11538.0,6061.0,0,23742.0,1424.0,154.0,,,,,,,45608
Eastleigh,Eastleigh,70015,4203,5483,16504,1850,14936,3181,262,0,0,,,,,46419,REF,70015,7005.0,14424.0,6151.0,0,15970.0,2403.0,467.0,,,,,,,46420
Edinburgh East and Musselburgh,Edinburgh East and Musselburgh,76212,10599,1999,5532,935,1755,10383,122,14250,0,,,,,45575,SNP,76212,18790.0,2598.0,2129.0,0,1949.0,4669.0,365.0,15075.0,,,,,,45575
Edinburgh North and Leith,Edinburgh North and Leith,78316,13464,2399,5178,918,3270,8728,253,15265,0,,,,,49475,SNP,78316,20805.0,3254.0,1818.0,0,3879.0,5417.0,765.0,13537.0,,,,,,49475
Edinburgh South,Edinburgh South,70841,14285,3845,5123,625,2587,9055,436,10823,0,,,,,46779,LAB,70841,24976.0,4001.0,1845.0,0,2746.0,4270.0,1263.0,7725.0,,,,,,46826
Edinburgh South West,Edinburgh South West,73770,11385,3865,5332,844,2551,8919,152,12616,0,,,,,45664,SNP,73770,18663.0,5558.0,2087.0,0,3014.0,3450.0,446.0,12446.0,,,,,,45664
Edinburgh West,Edinburgh West,76488,4923,2329,5589,824,25419,5222,0,8164,0,,,,,52470,LD,76488,7854.0,2897.0,2209.0,0,26645.0,2100.0,591.0,10175.0,,,,,,52471
Edmonton and Winchmore Hill,Edmonton and Winchmore Hill,75728,18791,8257,3250,595,2880,5459,1815,0,0,,,,,41047,LAB,75728,20520.0,7888.0,3501.0,0,2721.0,3681.0,2734.0,,,,,,,41045
Ellesmere Port and Bromborough,Ellesmere Port and Bromborough,70765,17044,2713,14093,2321,1887,3699,124,0,0,,,,,41881,LAB,70765,24186.0,5210.0,7278.0,0,2328.0,2706.0,256.0,,,,,,,41964
Eltham and Chislehurst,Eltham and Chislehurst,73970,17319,11151,9384,1255,1840,4124,448,0,0,,,,,45521,LAB,73970,20069.0,11640.0,7428.0,0,2423.0,3079.0,927.0,,,,,,,45566
Ely and East Cambridgeshire,Ely and East Cambridgeshire,79107,5695,13255,12650,2018,15377,3184,190,0,0,,,,,52369,LD,79107,9160.0,16632.0,6443.0,0,17127.0,2359.0,648.0,,,,,,,52369
Enfield North,Enfield North,78789,19237,8839,4962,893,2704,5406,1407,0,0,,,,,43448,LAB,78789,21368.0,8632.0,5146.0,0,2517.0,3713.0,2116.0,,,,,,,43492
Epping Forest,Epping Forest,72237,12642,12690,8085,850,3126,3283,1078,0,0,,,,,41754,CON,72237,12356.0,18038.0,,0,5268.0,2486.0,3605.0,,,,,,,41753
Epsom and Ewell,Epsom and Ewell,76472,4992,14440,11685,1382,18511,2978,538,0,0,,,,,54526,LD,76472,8325.0,16988.0,5795.0,0,20674.0,1745.0,998.0,,,,,,,54525
Erewash,Erewash,71848,13541,5753,15916,2604,1612,3485,95,0,0,,,,,43006,REF,71848,17224.0,11365.0,9162.0,0,2426.0,2478.0,351.0,,,,,,,43006
Erith and Thamesmead,Erith and Thamesmead,78711,19119,5713,6066,868,2321,5425,826,0,0,,,,,40338,LAB,78711,22246.0,5564.0,5944.0,0,1872.0,3482.0,1271.0,,,,,,,40379
Esher and Walton,Esher and Walton,74010,1919,13148,9650,1204,24591,3240,129,0,0,,,,,53881,LD,74010,2846.0,16312.0,4777.0,0,28315.0,1396.0,234.0,,,,,,,53880
Exeter,Exeter,67782,13769,4271,8753,1397,2592,9072,300,0,0,,,,,40154,LAB,67782,18225.0,6288.0,4914.0,0,4201.0,5907.0,660.0,,,,,,,40195
Exmouth and Exeter East,Exmouth and Exeter East,80183,11955,10304,16033,2161,7504,3170,188,0,0,,,,,51315,REF,80183,14607.0,14728.0,7085.0,0,11387.0,2331.0,1178.0,,,,,,,51316
Falkirk,Falkirk,73618,8751,2110,9117,1794,1308,3868,412,15265,0,,,,,42625,SNP,73618,18343.0,3576.0,3375.0,0,1092.0,1711.0,1181.0,13347.0,,,,,,42625
Fareham and Waterlooville,Fareham and Waterlooville,76993,7775,12703,17852,2377,6311,2922,184,0,0,,,,,50124,REF,76993,11482.0,17561.0,9084.0,0,9533.0,2036.0,427.0,,,,,,,50123
Farnham and Bordon,Farnham and Bordon,75952,4205,12591,15143,1681,15957,3159,225,0,0,,,,,52961,LD,75952,7328.0,18951.0,6217.0,0,17602.0,2496.0,421.0,,,,,,,53015
Faversham and Mid Kent,Faversham and Mid Kent,74312,9948,13344,13503,2280,2632,4792,96,0,0,,,,,46595,REF,74312,13347.0,14816.0,9884.0,0,4158.0,4218.0,171.0,,,,,,,46594
Feltham and Heston,Feltham and Heston,76225,15299,8358,5327,664,2010,3892,3337,0,0,,,,,38887,LAB,76225,16139.0,8195.0,5130.0,0,1821.0,2543.0,5059.0,,,,,,,38887
Filton and Bradley Stoke,Filton and Bradley Stoke,77607,18243,11123,10695,1721,2403,6132,0,0,0,,,,,50317,LAB,77607,22905.0,12905.0,6819.0,0,3596.0,4142.0,,,,,,,,50367
Finchley and Golders Green,Finchley and Golders Green,77498,18032,20733,1833,587,2483,5100,521,0,0,,,,,49289,CON,77498,21857.0,17276.0,2598.0,0,3375.0,3107.0,1076.0,,,,,,,49289
Folkestone and Hythe,Folkestone and Hythe,70090,12286,8810,13940,2362,1173,4377,256,0,0,,,,,43204,REF,70090,15020.0,11291.0,10685.0,0,1736.0,3954.0,560.0,,,,,,,43246
Forest of Dean,Forest of Dean,72865,12311,13107,13494,2425,1667,4994,45,0,0,,,,,48043,REF,72865,16373.0,16095.0,8194.0,0,2604.0,4735.0,90.0,,,,,,,48091
Frome and East Somerset,Frome and East Somerset,71540,3561,5976,13538,2184,15123,5902,432,0,0,,,,,46716,LD,71540,6416.0,11165.0,6441.0,0,16580.0,5083.0,1031.0,,,,,,,46716
Fylde,Fylde,77339,14566,13426,12974,2070,1321,2441,1162,0,0,,,,,47960,LAB,77339,15356.0,15917.0,8295.0,0,2120.0,1560.0,4712.0,,,,,,,47960
Gainsborough,Gainsborough,75787,9686,15488,13216,2535,3138,2479,96,0,0,,,,,46638,CON,75787,13104.0,16636.0,9916.0,0,5001.0,1832.0,196.0,,,,,,,46685
Gateshead Central and Whickham,Gateshead Central and Whickham,69821,14873,3315,11870,2148,3262,4492,257,0,0,,,,,40217,LAB,69821,18245.0,4628.0,8601.0,0,4987.0,3217.0,539.0,,,,,,,40217
Gedling,Gedling,76969,18351,7732,14339,2211,1783,4186,120,0,0,,,,,48722,LAB,76969,23278.0,11397.0,8211.0,0,2473.0,3122.0,241.0,,,,,,,48722
Gillingham and Rainham,Gillingham and Rainham,73464,13127,7182,13972,1967,1597,3001,294,0,0,,,,,41140,REF,73464,15562.0,11590.0,8792.0,0,2248.0,2318.0,630.0,,,,,,,41140
Glasgow East,Glasgow East,68959,8976,1777,5400,1169,977,5789,157,11199,0,,,,,35444,SNP,68959,15543.0,1707.0,2371.0,0,872.0,2727.0,466.0,11759.0,,,,,,35445
Glasgow North,Glasgow North,67585,8976,1887,2446,340,1007,10923,177,8982,0,,,,,34738,GRN,67585,14655.0,1366.0,1655.0,0,1142.0,4233.0,572.0,11116.0,,,,,,34739
Glasgow North East,Glasgow North East,72534,8602,1189,5687,1193,734,5532,312,10842,0,,,,,34091,SNP,72534,15639.0,1182.0,2272.0,0,592.0,2471.0,933.0,11002.0,,,,,,34091
Glasgow South,Glasgow South,70162,9834,1296,5979,1229,1327,7809,318,14585,0,,,,,42377,SNP,70162,17696.0,1617.0,1736.0,0,1316.0,5554.0,917.0,13542.0,,,,,,42378
Glasgow South West,Glasgow South West,68859,8657,1565,5056,1003,1058,5980,182,12169,0,,,,,35670,SNP,68859,15552.0,1387.0,2236.0,0,958.0,2727.0,542.0,12267.0,,,,,,35669
Glasgow West,Glasgow West,69034,10446,1566,5629,1068,1340,7067,109,12676,0,,,,,39901,SNP,69034,18621.0,1720.0,2098.0,0,1316.0,3662.0,310.0,12175.0,,,,,,39902
Glastonbury and Somerton,Glastonbury and Somerton,73295,1774,13567,9877,2231,16368,3777,0,0,0,,,,,47594,LD,73295,3111.0,13753.0,7678.0,0,20364.0,2736.0,,,,,,,,47642
Glenrothes and Mid Fife,Glenrothes and Mid Fife,70722,7664,1466,8858,1972,1665,2059,0,12455,0,,,,,36139,SNP,70722,15994.0,1973.0,3528.0,0,1604.0,,,13040.0,,,,,,36139
Gloucester,Gloucester,79464,14651,6583,15316,2122,3079,3069,870,0,0,,,,,45690,REF,79464,16472.0,13041.0,7307.0,0,4759.0,2307.0,1806.0,,,,,,,45692
Godalming and Ash,Godalming and Ash,76122,1848,14672,15798,1563,18182,2518,116,0,0,,,,,54697,LD,76122,2748.0,23293.0,4815.0,0,22402.0,1243.0,195.0,,,,,,,54696
Goole and Pocklington,Goole and Pocklington,79971,11217,16417,13984,2499,2169,3294,163,0,0,,,,,49743,CON,79971,15409.0,18981.0,9054.0,0,3380.0,2451.0,467.0,,,,,,,49742
Gordon and Buchan,Gordon and Buchan,69863,2120,12701,6380,1438,6730,2001,0,12560,0,,,,,43930,CON,69863,4686.0,14418.0,3978.0,0,7307.0,,,13540.0,,,,,,43929
Gorton and Denton,Gorton and Denton,76851,15067,2835,5810,1213,1171,7979,2485,0,0,,,,,36560,LAB,76851,18555.0,2888.0,5142.0,0,1399.0,4810.0,3766.0,,,,,,,36560
Gosport,Gosport,73306,8251,10857,17329,2300,2769,2639,132,0,0,,,,,44277,REF,73306,11776.0,17830.0,7983.0,0,4039.0,1948.0,701.0,,,,,,,44277
Gower,Gower,76175,9905,9512,9546,2343,1571,3427,76,0,10849,,,,,47229,PLAID,76175,20480.0,8913.0,8530.0,0,2593.0,2488.0,283.0,,3942.0,,,,,47229
Grantham and Bourne,Grantham and Bourne,73569,10267,13014,14752,2450,1365,3315,961,0,0,,,,,46124,REF,73569,12274.0,16770.0,9393.0,0,2027.0,2570.0,3091.0,,,,,,,46125
Gravesham,Gravesham,73150,13750,12685,10462,1901,1200,3234,0,0,0,,,,,43232,LAB,73150,16623.0,13911.0,8910.0,0,1534.0,2254.0,,,,,,,,43232
Great Grimsby and Cleethorpes,Great Grimsby and Cleethorpes,76130,12005,4026,15353,2774,741,1563,158,0,0,,,,,36620,REF,76130,15336.0,8269.0,10533.0,0,1036.0,1115.0,330.0,,,,,,,36619
Great Yarmouth,Great Yarmouth,73287,8950,3267,5220,19943,938,2259,170,0,0,,,,,40747,RESTORE,73287,12959.0,10034.0,14385.0,0,1102.0,1736.0,532.0,,,,,,,40748
Greenwich and Woolwich,Greenwich and Woolwich,73023,20550,5788,3423,649,3922,7683,705,0,0,,,,,42720,LAB,73023,23999.0,4863.0,3305.0,0,3865.0,5633.0,1054.0,,,,,,,42719
Guildford,Guildford,70708,2347,16268,5700,1125,18742,3928,136,0,0,,,,,48246,LD,70708,3931.0,14508.0,4395.0,0,22937.0,2268.0,255.0,,,,,,,48294
Hackney North and Stoke Newington,Hackney North and Stoke Newington,76990,17919,6755,2160,396,2251,10762,676,0,0,,,,,40919,LAB,76990,24355.0,3457.0,1283.0,0,1562.0,9275.0,1027.0,,,,,,,40959
Hackney South and Shoreditch,Hackney South and Shoreditch,77655,20625,3397,1606,409,2828,11955,881,0,0,,,,,41701,LAB,77655,24724.0,2076.0,1601.0,0,1996.0,9987.0,1317.0,,,,,,,41701
Halesowen,Halesowen,68522,12124,8895,11336,2032,1491,2700,0,0,0,,,,,38578,LAB,68522,15023.0,10659.0,8484.0,0,2261.0,2151.0,,,,,,,,38578
Halifax,Halifax,77770,13574,6199,10560,1900,1570,4515,1897,0,0,,,,,40215,LAB,77770,14135.0,7866.0,7811.0,0,2359.0,4133.0,3910.0,,,,,,,40214
Hamble Valley,Hamble Valley,80482,5834,13935,17959,2089,10734,3310,90,0,0,,,,,53951,REF,80482,8753.0,19671.0,8216.0,0,14869.0,2310.0,185.0,,,,,,,54004
Hamilton and Clyde Valley,Hamilton and Clyde Valley,75419,10537,3263,8961,1690,1747,2475,44,13324,0,,,,,42041,SNP,75419,21020.0,4589.0,3299.0,0,1511.0,,117.0,11548.0,,,,,,42084
Hammersmith and Chiswick,Hammersmith and Chiswick,75817,20727,9696,2792,601,4217,7015,972,0,0,,,,,46020,LAB,75817,24073.0,8783.0,2929.0,0,4292.0,4468.0,1476.0,,,,,,,46021
Hampstead and Highgate,Hampstead and Highgate,79983,20475,13065,1814,491,4375,7872,458,0,0,,,,,48550,LAB,79983,23432.0,8462.0,2940.0,0,6181.0,6630.0,905.0,,,,,,,48550
"Harborough, Oadby and Wigston","Harborough, Oadby and Wigston",77042,12897,19025,8339,1722,3126,5169,108,0,0,,,,,50386,CON,77042,16236.0,18614.0,6332.0,0,4732.0,4269.0,203.0,,,,,,,50386
Harlow,Harlow,74624,12935,12070,12280,2106,946,2896,80,0,0,,,,,43313,LAB,74624,16313.0,13809.0,9461.0,0,1350.0,2267.0,157.0,,,,,,,43357
Harpenden and Berkhamsted,Harpenden and Berkhamsted,72255,2625,13291,9446,1255,24244,3346,130,0,0,,,,,54337,LD,72255,4061.0,16574.0,4245.0,0,27282.0,1951.0,223.0,,,,,,,54336
Harrogate and Knaresborough,Harrogate and Knaresborough,77940,3061,7304,15505,1865,20783,3339,207,0,0,,,,,52064,LD,77940,4153.0,15738.0,5679.0,0,23976.0,1762.0,756.0,,,,,,,52064
Harrow East,Harrow East,76565,13280,25360,2177,384,1626,3090,1860,0,0,,,,,47777,CON,76565,13786.0,25466.0,2188.0,0,1511.0,2006.0,2820.0,,,,,,,47777
Harrow West,Harrow West,79931,18251,16063,1945,359,1940,4400,2282,0,0,,,,,45240,LAB,79931,19833.0,13191.0,2639.0,0,2404.0,2438.0,4736.0,,,,,,,45241
Hartlepool,Hartlepool,71450,12868,3903,13570,2291,444,2174,224,0,0,,,,,35474,REF,71450,16414.0,7767.0,8716.0,0,572.0,834.0,1208.0,,,,,,,35511
Harwich and North Essex,Harwich and North Essex,76501,11052,16928,11351,2360,2296,4056,0,0,0,,,,,48043,CON,76501,15360.0,16522.0,9806.0,0,3561.0,2794.0,,,,,,,,48043
Hastings and Rye,Hastings and Rye,75891,15774,5265,14452,2137,1796,6256,309,0,0,,,,,45989,LAB,75891,19134.0,10481.0,7401.0,0,2586.0,5761.0,627.0,,,,,,,45990
Havant,Havant,72360,8777,9644,15681,2403,2159,3409,114,0,0,,,,,42187,REF,72360,12894.0,12986.0,9959.0,0,3275.0,2861.0,211.0,,,,,,,42186
Hayes and Harlington,Hayes and Harlington,74398,18555,8486,3669,558,1698,4034,1315,0,0,,,,,38315,LAB,74398,20405.0,8374.0,4114.0,0,1316.0,2131.0,1975.0,,,,,,,38315
Hazel Grove,Hazel Grove,72896,6316,5120,14125,1958,15733,2652,49,0,0,,,,,45953,LD,72896,10828.0,9011.0,6955.0,0,17328.0,1763.0,113.0,,,,,,,45998
Hemel Hempstead,Hemel Hempstead,71027,14107,6616,15113,1747,3285,3239,0,0,0,,,,,44107,REF,71027,16844.0,11987.0,7689.0,0,5096.0,2492.0,,,,,,,,44108
Hendon,Hendon,74874,15481,16767,2344,488,1535,3728,912,0,0,,,,,41255,CON,74874,15855.0,15840.0,3038.0,0,1966.0,2667.0,1890.0,,,,,,,41256
Henley and Thame,Henley and Thame,73726,2466,17139,8604,1581,19827,3300,239,0,0,,,,,53156,LD,73726,3574.0,17637.0,5213.0,0,23904.0,2008.0,821.0,,,,,,,53157
Hereford and South Herefordshire,Hereford and South Herefordshire,72221,9402,10012,16263,2379,3483,3911,123,0,0,,,,,45573,REF,72221,13592.0,14871.0,8395.0,0,5325.0,3175.0,214.0,,,,,,,45572
Herne Bay and Sandwich,Herne Bay and Sandwich,77874,9998,13274,16963,2573,1826,4144,0,0,0,,,,,48778,REF,77874,14744.0,17243.0,10602.0,0,2709.0,3529.0,,,,,,,,48827
Hertford and Stortford,Hertford and Stortford,78960,16705,15771,11812,1887,2532,5120,127,0,0,,,,,53954,LAB,78960,20808.0,16060.0,8325.0,0,4167.0,4373.0,276.0,,,,,,,54009
Hertsmere,Hertsmere,73517,10298,22402,6344,1293,3315,3958,349,0,0,,,,,47959,CON,73517,13459.0,21451.0,6584.0,0,3710.0,2267.0,536.0,,,,,,,48007
Hexham,Hexham,76442,19222,11263,13787,1549,2015,3170,822,0,0,,,,,51828,LAB,76442,23988.0,20275.0,,0,2376.0,2467.0,2722.0,,,,,,,51828
Heywood and Middleton North,Heywood and Middleton North,73379,13937,5760,10528,1966,1577,1464,1898,0,0,,,,,37130,LAB,73379,15069.0,6423.0,8987.0,0,2302.0,,4349.0,,,,,,,37130
High Peak,High Peak,74359,16671,8994,15890,2317,1428,3906,0,0,0,,,,,49206,LAB,74359,22533.0,14625.0,6959.0,0,1707.0,3382.0,,,,,,,,49206
Hinckley and Bosworth,Hinckley and Bosworth,76478,5880,12238,16957,2453,7676,2440,108,0,0,,,,,47752,REF,76478,8601.0,17032.0,8817.0,0,11624.0,1514.0,211.0,,,,,,,47799
Hitchin,Hitchin,75881,17649,16197,9436,1738,3070,4346,75,0,0,,,,,52511,LAB,75881,23067.0,14958.0,6760.0,0,4913.0,2631.0,181.0,,,,,,,52510
Holborn and St Pancras,Holborn and St Pancras,71221,16240,3824,1968,435,2445,8629,5023,0,0,,,,,38564,LAB,71221,18884.0,2776.0,2371.0,0,2236.0,4030.0,8305.0,,,,,,,38602
Honiton and Sidmouth,Honiton and Sidmouth,75491,2163,12167,12141,2190,19055,2835,103,0,0,,,,,50654,LD,75491,2947.0,16307.0,6289.0,0,23007.0,1394.0,711.0,,,,,,,50655
Hornchurch and Upminster,Hornchurch and Upminster,75419,9338,13099,17275,1742,1777,3478,203,0,0,,,,,46912,REF,75419,12939.0,15260.0,13317.0,0,2381.0,2620.0,394.0,,,,,,,46911
Hornsey and Friern Barnet,Hornsey and Friern Barnet,71221,21163,8065,3684,524,5846,8701,610,0,0,,,,,48593,LAB,71221,28535.0,4011.0,1989.0,0,6099.0,7060.0,948.0,,,,,,,48642
Horsham,Horsham,79058,3720,11673,15873,1804,18880,3276,274,0,0,,,,,55500,LD,79058,5979.0,19115.0,6116.0,0,21632.0,2137.0,520.0,,,,,,,55499
Houghton and Sunderland South,Houghton and Sunderland South,78494,13753,3737,15030,2735,1518,3258,0,0,0,,,,,40031,REF,78494,18837.0,5514.0,11668.0,0,2290.0,1723.0,,,,,,,,40032
Hove and Portslade,Hove and Portslade,74049,21320,5525,9681,1358,3013,8975,2037,0,0,,,,,51909,LAB,74049,27209.0,6630.0,4558.0,0,3046.0,7418.0,3048.0,,,,,,,51909
Huddersfield,Huddersfield,77839,12823,5439,7498,1422,1159,11783,0,0,0,,,,,40124,LAB,77839,15101.0,6559.0,6196.0,0,1741.0,10568.0,,,,,,,,40165
Huntingdon,Huntingdon,79382,14180,15570,13089,2106,2883,3750,462,0,0,,,,,52040,CON,79382,16758.0,18257.0,8039.0,0,4821.0,3042.0,1123.0,,,,,,,52040
Hyndburn,Hyndburn,67472,9753,8700,10097,1921,743,5160,0,0,0,,,,,36374,REF,67472,12186.0,10499.0,7541.0,0,1210.0,4938.0,,,,,,,,36374
Ilford North,Ilford North,78872,20110,11284,3120,424,1286,3507,7111,0,0,,,,,46842,LAB,78872,15647.0,9619.0,3621.0,0,1088.0,1794.0,15119.0,,,,,,,46888
Ilford South,Ilford South,81374,18459,6376,2085,251,1548,4925,7527,0,0,,,,,41171,LAB,81374,16537.0,6142.0,2329.0,0,1340.0,3437.0,11385.0,,,,,,,41170
Inverclyde and Renfrewshire West,Inverclyde and Renfrewshire West,70173,9286,2062,8302,1692,1454,3139,377,13998,0,,,,,40310,SNP,70173,18931.0,2863.0,2476.0,0,1259.0,1173.0,1088.0,12560.0,,,,,,40350
"Inverness, Skye and West Ross-shire","Inverness, Skye and West Ross-shire",77886,2493,1146,6547,1541,19570,3985,0,11827,0,,,,,47109,LD,77886,6246.0,2502.0,2034.0,0,18159.0,2038.0,178.0,15999.0,,,,,,47156
Ipswich,Ipswich,75335,15630,6088,14127,2005,1641,4367,169,0,0,,,,,44027,LAB,75335,19099.0,11696.0,7027.0,0,2241.0,3652.0,356.0,,,,,,,44071
Isle of Wight East,Isle of Wight East,55865,4027,7534,10818,1905,2308,7270,182,0,0,,,,,34044,REF,55865,6264.0,10427.0,7104.0,0,3550.0,6313.0,420.0,,,,,,,34078
Isle of Wight West,Isle of Wight West,55395,10609,5734,11627,1766,1728,2708,49,0,0,,,,,34221,REF,55395,13240.0,10063.0,5834.0,0,2726.0,2310.0,117.0,,,,,,,34290
Islington North,Islington North,72817,25591,2963,2984,377,1711,4776,10604,0,0,,,,,49006,LAB,72817,16873.0,1950.0,1710.0,0,1661.0,2660.0,24152.0,,,,,,,49006
Islington South and Finsbury,Islington South and Finsbury,74097,19803,5135,2863,595,4121,9391,847,0,0,,,,,42755,LAB,74097,22946.0,3584.0,3388.0,0,4045.0,7491.0,1300.0,,,,,,,42754
Jarrow and Gateshead East,Jarrow and Gateshead East,70225,13792,2216,13341,2456,1328,3311,247,0,0,,,,,36691,LAB,70225,18856.0,3354.0,9892.0,0,1740.0,2384.0,502.0,,,,,,,36728
Keighley and Ilkley,Keighley and Ilkley,74373,14931,14285,10503,1724,677,2901,1155,0,0,,,,,46176,LAB,74373,16964.0,18589.0,4782.0,0,970.0,2447.0,2425.0,,,,,,,46177
Kenilworth and Southam,Kenilworth and Southam,74887,9975,19455,9341,1727,8165,4387,272,0,0,,,,,53322,CON,74887,12821.0,19395.0,6920.0,0,10464.0,3125.0,595.0,,,,,,,53320
Kensington and Bayswater,Kensington and Bayswater,77321,15924,15381,1940,374,2070,4928,1248,0,0,,,,,41865,LAB,77321,17025.0,14122.0,2514.0,0,2910.0,2732.0,2605.0,,,,,,,41908
Kettering,Kettering,79353,14897,9126,14670,2441,984,7613,500,0,0,,,,,50231,LAB,79353,18009.0,14189.0,8468.0,0,1357.0,7004.0,1204.0,,,,,,,50231
Kilmarnock and Loudoun,Kilmarnock and Loudoun,74653,8811,2025,9530,1878,1111,3279,132,15712,0,,,,,42478,SNP,74653,19055.0,3527.0,3472.0,0,850.0,1237.0,401.0,13936.0,,,,,,42478
Kingston and Surbiton,Kingston and Surbiton,77349,4376,11073,4567,1055,23387,5118,1088,0,0,,,,,50664,LD,77349,6561.0,8635.0,4787.0,0,25870.0,3009.0,1802.0,,,,,,,50664
Kingston upon Hull East,Kingston upon Hull East,70654,9998,1016,11716,2296,2076,2714,0,0,0,,,,,29816,REF,70654,13047.0,2715.0,9127.0,0,3252.0,1675.0,,,,,,,,29816
Kingston upon Hull North and Cottingham,Kingston upon Hull North and Cottingham,75251,15045,2627,11878,2066,2178,3702,732,0,0,,,,,38228,LAB,75251,18480.0,4897.0,7801.0,0,3246.0,2322.0,1482.0,,,,,,,38228
Kingston upon Hull West and Haltemprice,Kingston upon Hull West and Haltemprice,73137,14196,3834,13278,2290,1781,2744,55,0,0,,,,,38178,LAB,73137,17875.0,6924.0,8896.0,0,2625.0,1748.0,110.0,,,,,,,38178
Kingswinford and South Staffordshire,Kingswinford and South Staffordshire,71832,8845,14823,15103,2268,1423,2602,115,0,0,,,,,45179,REF,71832,11896.0,18199.0,9928.0,0,2080.0,2077.0,1000.0,,,,,,,45180
Knowsley,Knowsley,71950,15463,1634,12432,1776,1071,3559,113,0,0,,,,,36048,LAB,71950,24243.0,1496.0,5924.0,0,1232.0,2772.0,380.0,,,,,,,36047
Lancaster and Wyre,Lancaster and Wyre,74796,13757,9143,9474,1731,1112,7791,0,0,0,,,,,43008,LAB,74796,19315.0,10062.0,6866.0,0,1529.0,5236.0,,,,,,,,43008
Leeds Central and Headingley,Leeds Central and Headingley,70524,11416,2082,2450,585,1534,13058,471,0,0,,,,,31596,GRN,70524,15853.0,2237.0,2399.0,0,2611.0,7431.0,1064.0,,,,,,,31595
Leeds East,Leeds East,76287,15156,5828,9093,1767,1419,5047,1040,0,0,,,,,39350,LAB,76287,18610.0,6898.0,7345.0,0,1445.0,3506.0,1584.0,,,,,,,39388
Leeds North East,Leeds North East,70478,18524,8486,5385,952,2631,7073,2117,0,0,,,,,45168,LAB,70478,23260.0,7177.0,3426.0,0,2168.0,5911.0,3225.0,,,,,,,45167
Leeds North West,Leeds North West,71771,17959,10455,10787,1665,3789,4602,520,0,0,,,,,49777,LAB,71771,22882.0,10986.0,5935.0,0,5641.0,3231.0,1102.0,,,,,,,49777
Leeds South,Leeds South,76916,13715,1340,6410,1189,1556,6674,794,0,0,,,,,31678,LAB,76916,17117.0,4172.0,,0,1340.0,5838.0,3211.0,,,,,,,31678
Leeds South West and Morley,Leeds South West and Morley,72005,13632,6635,12484,2051,1309,3772,327,0,0,,,,,40210,LAB,72005,17681.0,9258.0,8187.0,0,1798.0,2522.0,763.0,,,,,,,40209
Leeds West and Pudsey,Leeds West and Pudsey,69989,15622,4449,10315,1761,1421,4373,554,0,0,,,,,38495,LAB,69989,18976.0,6584.0,6281.0,0,1743.0,3794.0,1116.0,,,,,,,38494
Leicester East,Leicester East,76580,10283,19313,2057,614,1809,6292,6345,0,0,,,,,46713,CON,76580,10100.0,14526.0,2611.0,0,6329.0,2143.0,11005.0,,,,,,,46714
Leicester South,Leicester South,70910,15196,3840,2913,692,1171,8100,9884,0,0,,,,,41796,LAB,70910,13760.0,4820.0,2470.0,0,1425.0,3826.0,15536.0,,,,,,,41837
Leicester West,Leicester West,74052,13159,6668,6622,1347,2069,5112,421,0,0,,,,,35398,LAB,74052,15798.0,7021.0,5666.0,0,2179.0,4089.0,644.0,,,,,,,35397
Leigh and Atherton,Leigh and Atherton,79941,14821,4739,14275,2535,1162,3418,178,0,0,,,,,41128,LAB,79941,19971.0,6483.0,11090.0,0,1597.0,1653.0,376.0,,,,,,,41170
Lewes,Lewes,76415,2302,8510,13755,2023,22782,3622,127,0,0,,,,,53121,LD,76415,3574.0,14271.0,6335.0,0,26895.0,1869.0,229.0,,,,,,,53173
Lewisham East,Lewisham East,73351,19612,5368,3861,741,2892,7438,724,0,0,,,,,40636,LAB,73351,23646.0,4401.0,3469.0,0,2471.0,5573.0,1077.0,,,,,,,40637
Lewisham North,Lewisham North,74230,21451,3042,2753,561,3713,11932,670,0,0,,,,,44122,LAB,74230,25467.0,2701.0,2000.0,0,3284.0,9685.0,1030.0,,,,,,,44167
Lewisham West and East Dulwich,Lewisham West and East Dulwich,69378,21519,4638,4192,689,3953,10932,490,0,0,,,,,46413,LAB,69378,27406.0,3477.0,2234.0,0,3558.0,9009.0,730.0,,,,,,,46414
Leyton and Wanstead,Leyton and Wanstead,71457,18911,5693,3365,585,2962,8233,3983,0,0,,,,,43732,LAB,71457,20755.0,4846.0,2475.0,0,2815.0,6791.0,6050.0,,,,,,,43732
Lichfield,Lichfield,76130,13416,15037,13327,2388,2108,2716,112,0,0,,,,,49104,CON,76130,17232.0,16422.0,9734.0,0,3572.0,1724.0,420.0,,,,,,,49104
Lincoln,Lincoln,72315,15058,6486,12418,2042,1758,4051,348,0,0,,,,,42161,LAB,72315,18470.0,9677.0,7602.0,0,2580.0,2751.0,1080.0,,,,,,,42160
Liverpool Garston,Liverpool Garston,69295,17909,3397,12103,1294,2486,4167,637,0,0,,,,,41993,LAB,69295,24510.0,2943.0,4406.0,0,3239.0,2816.0,4078.0,,,,,,,41992
Liverpool Riverside,Liverpool Riverside,71323,14639,819,5246,902,1212,9013,551,0,0,,,,,32382,LAB,71323,20039.0,1155.0,3272.0,0,1544.0,5246.0,1125.0,,,,,,,32381
Liverpool Walton,Liverpool Walton,69334,16617,1294,12150,1721,869,4015,220,0,0,,,,,36886,LAB,69334,26032.0,1282.0,5787.0,0,945.0,2388.0,452.0,,,,,,,36886
Liverpool Wavertree,Liverpool Wavertree,70469,16497,2231,6643,1028,2662,9518,1235,0,0,,,,,39814,LAB,70469,23077.0,1887.0,3454.0,0,2759.0,6773.0,1865.0,,,,,,,39815
Liverpool West Derby,Liverpool West Derby,69992,17475,1242,12101,1441,1076,4115,557,0,0,,,,,38007,LAB,69992,25302.0,1566.0,4879.0,0,1276.0,2647.0,2336.0,,,,,,,38006
Livingston,Livingston,77982,9187,2313,8973,1798,2039,4149,187,16195,0,,,,,44841,SNP,77982,18324.0,3469.0,3977.0,0,2025.0,1704.0,545.0,14796.0,,,,,,44840
Llanelli,Llanelli,71480,6274,3808,10970,2932,871,1723,175,0,13992,,,,,40745,PLAID,71480,12751.0,4275.0,11247.0,0,1254.0,1106.0,600.0,,9511.0,,,,,40744
Lothian East,Lothian East,75199,12005,3550,9351,1582,2725,4849,197,13643,0,,,,,47902,SNP,75199,23555.0,5335.0,3039.0,0,2649.0,2477.0,557.0,10290.0,,,,,,47902
Loughborough,Loughborough,68938,12803,12870,7849,1634,1594,5510,0,0,0,,,,,42260,CON,68938,17249.0,12289.0,7204.0,0,2561.0,2956.0,,,,,,,,42259
Louth and Horncastle,Louth and Horncastle,76824,7812,14734,15753,2928,1598,3110,543,0,0,,,,,46478,REF,76824,10475.0,17441.0,11935.0,0,2364.0,2504.0,1760.0,,,,,,,46479
Lowestoft,Lowestoft,74287,11479,5403,17657,2802,1036,3447,0,0,0,,,,,41824,REF,74287,14464.0,12448.0,10328.0,0,1489.0,3095.0,,,,,,,,41824
Luton North,Luton North,74797,15322,7338,5037,836,1819,2844,5549,0,0,,,,,38745,LAB,74797,14677.0,7167.0,4666.0,0,1890.0,1940.0,8405.0,,,,,,,38745
Luton South and South Bedfordshire,Luton South and South Bedfordshire,77227,14390,7048,4832,886,2242,3386,5598,0,0,,,,,38382,LAB,77227,13593.0,6735.0,4759.0,0,2400.0,2401.0,8494.0,,,,,,,38382
Macclesfield,Macclesfield,76606,19525,11546,14399,1962,1811,3367,182,0,0,,,,,52792,LAB,76606,24672.0,15552.0,6592.0,0,2482.0,2493.0,1001.0,,,,,,,52792
Maidenhead,Maidenhead,75117,3929,12721,8533,852,19911,3367,1016,0,0,,,,,50329,LD,75117,5766.0,18932.0,,0,21895.0,1996.0,1740.0,,,,,,,50329
Maidstone and Malling,Maidstone and Malling,76423,9083,11217,15085,2016,4199,4590,200,0,0,,,,,46390,REF,76423,12472.0,14146.0,9316.0,0,6375.0,3727.0,353.0,,,,,,,46389
Makerfield,Makerfield,76948,21020,1925,12913,2720,901,623,161,0,0,,,,,40263,LAB,76948,18202.0,4379.0,12803.0,0,2735.0,1776.0,368.0,,,,,,,40263
Maldon,Maldon,78243,6459,17469,16571,2451,3936,2955,0,0,0,,,,,49841,CON,78243,9817.0,19374.0,12468.0,0,5882.0,2300.0,,,,,,,,49841
Manchester Central,Manchester Central,85246,17073,3017,4557,1091,2936,9400,1652,0,0,,,,,39726,LAB,85246,20184.0,2823.0,4760.0,0,3051.0,6387.0,2520.0,,,,,,,39725
Manchester Rusholme,Manchester Rusholme,72582,14315,1139,1407,349,229,9562,2031,0,0,,,,,29032,LAB,72582,15054.0,1678.0,1313.0,0,,6819.0,4169.0,,,,,,,29033
Manchester Withington,Manchester Withington,70610,17813,3470,3919,626,4825,9812,1267,0,0,,,,,41732,LAB,70610,22066.0,2280.0,1961.0,0,5412.0,8084.0,1928.0,,,,,,,41731
Mansfield,Mansfield,74784,13183,6243,16407,2651,599,1790,214,0,0,,,,,41087,REF,74784,16048.0,12563.0,9385.0,0,799.0,1326.0,966.0,,,,,,,41087
Melksham and Devizes,Melksham and Devizes,73490,2694,10531,15641,2191,16919,3228,0,0,0,,,,,51204,LD,73490,4587.0,17630.0,6726.0,0,20031.0,2229.0,,,,,,,,51203
Melton and Syston,Melton and Syston,74554,8663,17085,11368,2298,1731,4318,523,0,0,,,,,45986,CON,74554,12130.0,17526.0,8945.0,0,2547.0,3685.0,1153.0,,,,,,,45986
Meriden and Solihull East,Meriden and Solihull East,73909,8537,17301,10349,1929,2279,3640,0,0,0,,,,,44035,CON,73909,12208.0,16792.0,8753.0,0,3353.0,2929.0,,,,,,,,44035
Merthyr Tydfil and Aberdare,Merthyr Tydfil and Aberdare,74450,7844,2135,9699,2347,874,1807,317,0,10157,,,,,35180,PLAID,74450,15791.0,2687.0,8344.0,0,1276.0,1231.0,1118.0,,4768.0,,,,,35215
Mid Bedfordshire,Mid Bedfordshire,75411,11495,21599,7887,1839,2928,3431,442,0,0,,,,,49621,CON,75411,15591.0,16912.0,8594.0,0,4068.0,2584.0,1872.0,,,,,,,49621
Mid Buckinghamshire,Mid Buckinghamshire,77070,7445,20620,8706,1642,11108,4110,320,0,0,,,,,53951,CON,77070,9171.0,20150.0,6926.0,0,14278.0,2942.0,484.0,,,,,,,53951
Mid Cheshire,Mid Cheshire,70549,15019,5258,14374,2227,1676,2844,112,0,0,,,,,41510,LAB,70549,18457.0,9530.0,7967.0,0,2465.0,1967.0,1123.0,,,,,,,41509
Mid Derbyshire,Mid Derbyshire,69916,13503,13354,12854,2198,1495,4003,137,0,0,,,,,47544,LAB,69916,17346.0,15468.0,8356.0,0,2361.0,3547.0,465.0,,,,,,,47543
Mid Dorset and North Poole,Mid Dorset and North Poole,75249,3269,6819,16014,1569,18282,3435,125,0,0,,,,,49513,LD,75249,4566.0,20090.0,,0,21442.0,2355.0,1061.0,,,,,,,49514
Mid Dunbartonshire,Mid Dunbartonshire,73553,5276,1667,5998,949,22195,4413,0,12180,0,,,,,52678,LD,73553,10933.0,2452.0,2099.0,0,22349.0,1720.0,449.0,12676.0,,,,,,52678
Mid Leicestershire,Mid Leicestershire,76200,10897,19785,9419,2046,1742,4161,0,0,0,,,,,48050,CON,76200,15534.0,17735.0,8923.0,0,2444.0,3414.0,,,,,,,,48050
Mid Norfolk,Mid Norfolk,75117,9947,13419,14550,2548,1998,3389,0,0,0,,,,,45851,REF,75117,13716.0,16770.0,9427.0,0,3126.0,2858.0,,,,,,,,45897
Mid Sussex,Mid Sussex,75965,5367,8209,15281,1658,19387,3166,208,0,0,,,,,53276,LD,75965,9397.0,14474.0,5921.0,0,21136.0,2048.0,352.0,,,,,,,53328
Mid and South Pembrokeshire,Mid and South Pembrokeshire,79032,7804,10758,8521,2560,1476,2687,191,0,8736,,,,,42733,CON,79032,16505.0,14627.0,7828.0,0,2372.0,1654.0,681.0,,2962.0,,,,,46629
Middlesbrough South and East Cleveland,Middlesbrough South and East Cleveland,70304,13821,4616,14182,1627,1471,2067,213,0,0,,,,,37997,REF,70304,16468.0,16254.0,,0,2032.0,1446.0,1835.0,,,,,,,38035
Middlesbrough and Thornaby East,Middlesbrough and Thornaby East,75124,14297,4251,9710,1775,798,2363,1178,0,0,,,,,34372,LAB,75124,16238.0,6174.0,7046.0,0,1037.0,1522.0,2390.0,,,,,,,34407
Midlothian,Midlothian,73608,10813,2719,8756,1687,2647,2433,92,15018,0,,,,,44165,SNP,73608,21480.0,3248.0,3276.0,0,2589.0,,259.0,13313.0,,,,,,44165
Milton Keynes Central,Milton Keynes Central,81375,17670,14001,6589,1404,3379,4592,94,0,0,,,,,47729,LAB,81375,20209.0,12918.0,6245.0,0,4931.0,3226.0,200.0,,,,,,,47729
Milton Keynes North,Milton Keynes North,70733,16218,13060,8509,1615,2300,4275,0,0,0,,,,,45977,LAB,70733,19318.0,13888.0,6164.0,0,3365.0,3242.0,,,,,,,,45977
Mitcham and Morden,Mitcham and Morden,77226,21261,7322,5141,816,3501,6214,956,0,0,,,,,45211,LAB,77226,25085.0,6324.0,4135.0,0,3622.0,4635.0,1454.0,,,,,,,45255
Monmouthshire,Monmouthshire,74770,9905,17907,6106,1970,1420,4551,237,0,7805,,,,,49901,CON,74770,21010.0,17672.0,5438.0,0,2279.0,2357.0,815.0,,1273.0,,,,,50844
Montgomeryshire and Glyndwr,Montgomeryshire and Glyndwr,74073,6384,5499,8922,2615,5296,2295,0,0,9903,,,,,40914,PLAID,74073,12709.0,7775.0,8894.0,0,6470.0,1744.0,,,5667.0,,,,,43259
"Moray West, Nairn and Strathspey","Moray West, Nairn and Strathspey",77076,3988,8939,8777,1611,3792,3874,171,15356,0,,,,,46508,SNP,77076,8259.0,13960.0,3490.0,0,3785.0,1676.0,423.0,14961.0,,,,,,46554
Morecambe and Lunesdale,Morecambe and Lunesdale,76405,14340,9772,14370,2404,3021,4152,0,0,0,,,,,48059,REF,76405,19603.0,13788.0,7810.0,0,4769.0,2089.0,,,,,,,,48059
"Motherwell, Wishaw and Carluke","Motherwell, Wishaw and Carluke",71968,9224,1925,8395,1699,1117,3464,121,13080,0,,,,,39025,SNP,71968,19168.0,2415.0,3004.0,0,822.0,1200.0,334.0,12083.0,,,,,,39026
Na h-Eileanan an Iar,Na h-Eileanan an Iar,21237,3253,554,3643,490,476,547,428,4138,0,,,,,13529,SNP,21237,6692.0,647.0,697.0,0,382.0,,2254.0,2856.0,,,,,,13528
Neath and Swansea East,Neath and Swansea East,76306,8685,3225,10699,2732,1605,2382,0,0,10769,,,,,40097,PLAID,76306,16797.0,3765.0,10170.0,0,2344.0,1711.0,,,5350.0,,,,,40137
New Forest East,New Forest East,70900,6164,12137,15696,2188,4783,3883,379,0,0,,,,,45230,REF,70900,8917.0,17412.0,7646.0,0,7198.0,3118.0,939.0,,,,,,,45230
New Forest West,New Forest West,68647,7793,12420,15061,2047,5254,3551,212,0,0,,,,,46338,REF,68647,10812.0,16412.0,7577.0,0,8186.0,2800.0,550.0,,,,,,,46337
Newark,Newark,79789,14824,16354,14869,2452,1840,2967,154,0,0,,,,,53460,CON,79789,17396.0,20968.0,8280.0,0,3026.0,2345.0,1444.0,,,,,,,53459
Newbury,Newbury,71955,2347,9623,14482,1828,16671,3770,161,0,0,,,,,48882,LD,71955,3662.0,17268.0,5357.0,0,19645.0,2714.0,284.0,,,,,,,48930
Newcastle upon Tyne Central and West,Newcastle upon Tyne Central and West,76868,16320,4068,8606,1713,1431,6569,2607,0,0,,,,,41314,LAB,76868,18875.0,4228.0,7815.0,0,1946.0,3228.0,5263.0,,,,,,,41355
Newcastle upon Tyne East and Wallsend,Newcastle upon Tyne East and Wallsend,76254,16221,2469,11489,2101,2120,7401,478,0,0,,,,,42279,LAB,76254,21200.0,3522.0,8383.0,0,2965.0,5257.0,994.0,,,,,,,42321
Newcastle upon Tyne North,Newcastle upon Tyne North,74795,17841,6586,9272,1455,4833,8245,385,0,0,,,,,48617,LAB,74795,24440.0,6678.0,5933.0,0,5936.0,5035.0,595.0,,,,,,,48617
Newcastle-under-Lyme,Newcastle-under-Lyme,67839,11734,8641,11918,2176,1273,3876,0,0,0,,,,,39618,REF,67839,15992.0,10923.0,8865.0,0,1987.0,1851.0,,,,,,,,39618
Newport East,Newport East,76754,7948,5626,9100,2101,1296,3928,523,0,7814,,,,,38336,REF,76754,16370.0,6487.0,7361.0,0,2045.0,2092.0,1937.0,,2239.0,,,,,38531
Newport West and Islwyn,Newport West and Islwyn,75723,8474,6334,10198,2425,1374,2762,441,0,9943,,,,,41951,REF,75723,17409.0,6710.0,8541.0,0,2087.0,2078.0,1597.0,,3529.0,,,,,41951
Newton Abbot,Newton Abbot,73833,5007,4689,18034,2436,14406,2967,453,0,0,,,,,47992,REF,73833,7115.0,12955.0,8494.0,0,15201.0,2083.0,2144.0,,,,,,,47992
Newton Aycliffe and Spennymoor,Newton Aycliffe and Spennymoor,72327,13098,5452,14141,2593,1286,3204,72,0,0,,,,,39846,REF,72327,18394.0,8195.0,9555.0,0,1491.0,1701.0,510.0,,,,,,,39846
Normanton and Hemsworth,Normanton and Hemsworth,75569,11621,4833,13126,2566,1177,2989,0,0,0,,,,,36312,REF,75569,17275.0,4995.0,10613.0,0,1319.0,2147.0,,,,,,,,36349
North Ayrshire and Arran,North Ayrshire and Arran,72119,7937,2939,9429,1743,1186,3312,161,15555,0,,,,,42262,SNP,72119,16821.0,5954.0,3415.0,0,1005.0,1327.0,470.0,13270.0,,,,,,42262
North Bedfordshire,North Bedfordshire,78719,11183,19091,10858,1977,4487,3964,0,0,0,,,,,51560,CON,78719,14567.0,19981.0,8433.0,0,5553.0,3027.0,,,,,,,,51561
North Cornwall,North Cornwall,77810,1884,9734,13875,2674,19765,4050,73,0,0,,,,,52055,LD,77810,2958.0,14137.0,8444.0,0,24904.0,1335.0,277.0,,,,,,,52055
North Cotswolds,North Cotswolds,73220,5908,13469,13613,1856,11357,3935,92,0,0,,,,,50230,REF,73220,8593.0,17426.0,6502.0,0,14069.0,3191.0,448.0,,,,,,,50229
North Devon,North Devon,79103,2429,8188,16332,2613,17972,3760,125,0,0,,,,,51419,LD,79103,3216.0,15076.0,8137.0,0,21820.0,2348.0,820.0,,,,,,,51417
North Dorset,North Dorset,72635,3192,13349,15151,2261,12509,3142,79,0,0,,,,,49683,REF,72635,4370.0,18208.0,7894.0,0,16619.0,2082.0,510.0,,,,,,,49683
North Durham,North Durham,73463,14052,4510,14431,2628,2764,3039,99,0,0,,,,,41523,REF,73463,16562.0,6492.0,10689.0,0,4208.0,2366.0,1248.0,,,,,,,41565
North East Cambridgeshire,North East Cambridgeshire,71489,6187,8968,17043,2446,1866,2479,147,0,0,,,,,39136,REF,71489,8008.0,16246.0,9057.0,0,2716.0,2001.0,1148.0,,,,,,,39176
North East Derbyshire,North East Derbyshire,73720,13129,9893,15580,2470,1367,3384,43,0,0,,,,,45866,REF,73720,17591.0,15838.0,7899.0,0,2159.0,2271.0,108.0,,,,,,,45866
North East Fife,North East Fife,69816,2797,1015,4723,931,22104,6258,0,4900,0,,,,,42728,LD,69816,4026.0,1666.0,2094.0,0,23384.0,1653.0,,9905.0,,,,,,42728
North East Hampshire,North East Hampshire,76952,3351,15703,14055,1647,18202,2390,213,0,0,,,,,55561,LD,76952,5057.0,20544.0,6673.0,0,21178.0,1425.0,683.0,,,,,,,55560
North East Hertfordshire,North East Hertfordshire,77692,14687,17007,10919,2065,3262,4580,0,0,0,,,,,52520,CON,77692,18358.0,16435.0,8462.0,0,5463.0,3802.0,,,,,,,,52520
North East Somerset and Hanham,North East Somerset and Hanham,73880,15173,13369,13133,2164,2400,4769,117,0,0,,,,,51125,LAB,73880,20739.0,15420.0,7424.0,0,3878.0,3222.0,442.0,,,,,,,51125
North Herefordshire,North Herefordshire,72777,2776,12235,9698,2282,1271,22034,66,0,0,,,,,50362,GRN,72777,3205.0,15842.0,8048.0,0,1436.0,21736.0,95.0,,,,,,,50362
North Norfolk,North Norfolk,76204,1637,12596,12535,2372,15227,2629,0,0,0,,,,,46996,LD,76204,2878.0,16903.0,6368.0,0,19488.0,1406.0,,,,,,,,47043
North Northumberland,North Northumberland,74116,16197,7773,15267,2464,3372,2615,1155,0,0,,,,,48843,LAB,74116,17855.0,12788.0,7688.0,0,5169.0,1743.0,3600.0,,,,,,,48843
North Shropshire,North Shropshire,77611,2066,8563,12693,2259,19466,4461,86,0,0,,,,,49594,LD,77611,3423.0,10903.0,7687.0,0,26214.0,1234.0,133.0,,,,,,,49594
North Somerset,North Somerset,74468,15294,15477,12921,1868,4084,4019,50,0,0,,,,,53713,CON,74468,19138.0,18499.0,5602.0,0,7121.0,3273.0,133.0,,,,,,,53766
North Warwickshire and Bedworth,North Warwickshire and Bedworth,69744,10943,11039,12503,2542,815,3097,0,0,0,,,,,40939,REF,69744,14727.0,12529.0,10701.0,0,1228.0,1755.0,,,,,,,,40940
North West Cambridgeshire,North West Cambridgeshire,75938,12022,14536,10227,1993,1993,3654,0,0,0,,,,,44425,CON,75938,14785.0,14746.0,8741.0,0,3192.0,2960.0,,,,,,,,44424
North West Essex,North West Essex,79744,13636,21059,9780,1937,3842,3814,264,0,0,,,,,54332,CON,79744,16750.0,19360.0,7668.0,0,6055.0,2846.0,1707.0,,,,,,,54386
North West Hampshire,North West Hampshire,78673,11191,13730,15181,2096,4776,3615,235,0,0,,,,,50824,REF,78673,14482.0,17770.0,7734.0,0,7626.0,2745.0,466.0,,,,,,,50823
North West Leicestershire,North West Leicestershire,77715,13982,13396,14012,2638,1187,3225,131,0,0,,,,,48571,REF,77715,16871.0,15859.0,9678.0,0,1629.0,2831.0,1704.0,,,,,,,48572
North West Norfolk,North West Norfolk,74400,7273,11047,16461,2559,4352,2874,0,0,0,,,,,44566,REF,74400,11143.0,16097.0,8697.0,0,6492.0,2137.0,,,,,,,,44566
Northampton North,Northampton North,75611,16320,6872,10508,1717,1702,3408,1287,0,0,,,,,41814,LAB,75611,18209.0,9195.0,7010.0,0,2251.0,2558.0,2590.0,,,,,,,41813
Northampton South,Northampton South,73912,13866,11631,11182,1786,2027,3228,183,0,0,,,,,43903,LAB,73912,16890.0,12819.0,8210.0,0,3193.0,2398.0,394.0,,,,,,,43904
Norwich North,Norwich North,73695,16225,5039,15598,2395,1495,4837,176,0,0,,,,,45765,LAB,73695,20794.0,9944.0,8229.0,0,2073.0,4372.0,353.0,,,,,,,45765
Norwich South,Norwich South,76302,17320,3509,9960,1582,2467,9889,369,0,0,,,,,45096,LAB,76302,21484.0,5806.0,5227.0,0,3577.0,8245.0,756.0,,,,,,,45095
Nottingham East,Nottingham East,69335,15064,3476,4100,879,1792,8866,2184,0,0,,,,,36361,LAB,69335,19494.0,3925.0,3578.0,0,1741.0,4332.0,3291.0,,,,,,,36361
Nottingham North and Kimberley,Nottingham North and Kimberley,73698,13847,5200,9218,1706,1071,3965,0,0,0,,,,,35007,LAB,73698,16480.0,6787.0,7053.0,0,1336.0,3351.0,,,,,,,,35007
Nottingham South,Nottingham South,64216,12351,5349,4867,1041,1467,6783,1022,0,0,,,,,32880,LAB,64216,15579.0,5285.0,4936.0,0,2059.0,2923.0,2097.0,,,,,,,32879
Nuneaton,Nuneaton,71801,12576,6991,14557,2311,973,3353,451,0,0,,,,,41212,REF,71801,15216.0,11737.0,9059.0,0,1340.0,2894.0,967.0,,,,,,,41213
Old Bexley and Sidcup,Old Bexley and Sidcup,73168,10988,14844,15194,1629,1387,3371,220,0,0,,,,,47633,REF,73168,14362.0,17910.0,10384.0,0,1927.0,2601.0,449.0,,,,,,,47633
Oldham East and Saddleworth,Oldham East and Saddleworth,73513,15323,6227,9176,1765,2254,2078,3241,0,0,,,,,40064,LAB,73513,14091.0,6838.0,7734.0,0,3386.0,1490.0,6526.0,,,,,,,40065
"Oldham West, Chadderton and Royton","Oldham West, Chadderton and Royton",76080,15100,3755,7165,1528,936,4024,6065,0,0,,,,,38573,LAB,76080,13232.0,4066.0,6848.0,0,1271.0,1857.0,11299.0,,,,,,,38573
Orkney and Shetland,Orkney and Shetland,34251,892,298,3203,678,10651,3021,0,1945,0,,,,,20688,LD,34251,1493.0,586.0,1586.0,0,11392.0,2046.0,,3585.0,,,,,,20688
Orpington,Orpington,71320,9708,14313,14317,1405,3089,3122,118,0,0,,,,,46072,REF,71320,12386.0,17504.0,8896.0,0,4728.0,2319.0,240.0,,,,,,,46073
Ossett and Denby Dale,Ossett and Denby Dale,72278,12894,11951,11759,2202,1180,3521,366,0,0,,,,,43873,LAB,72278,17232.0,12690.0,9224.0,0,1785.0,2132.0,810.0,,,,,,,43873
Oxford East,Oxford East,71790,16643,2753,5955,865,3141,7255,2728,0,0,,,,,39340,LAB,71790,19541.0,4739.0,,0,3437.0,5076.0,6548.0,,,,,,,39341
Oxford West and Abingdon,Oxford West and Abingdon,69799,3742,10328,4301,982,20075,6159,412,0,0,,,,,45999,LD,69799,5981.0,8520.0,4164.0,0,23414.0,3236.0,683.0,,,,,,,45998
Paisley and Renfrewshire North,Paisley and Renfrewshire North,70851,10255,2427,7800,1578,1573,3713,0,14173,0,,,,,41519,SNP,70851,19561.0,2659.0,3228.0,0,1374.0,1469.0,,13228.0,,,,,,41519
Paisley and Renfrewshire South,Paisley and Renfrewshire South,71547,9807,1799,8325,1712,1506,4043,143,13948,0,,,,,41283,SNP,71547,19583.0,2219.0,2956.0,0,1315.0,1724.0,430.0,13056.0,,,,,,41283
Peckham,Peckham,71828,20113,1974,2182,513,3166,9799,1050,0,0,,,,,38797,LAB,71828,22813.0,2276.0,1790.0,0,2724.0,7585.0,1609.0,,,,,,,38797
Pendle and Clitheroe,Pendle and Clitheroe,78710,15049,12709,11857,2190,1272,1922,1756,0,0,,,,,46755,LAB,78710,16129.0,15227.0,8171.0,0,2039.0,1421.0,3767.0,,,,,,,46754
Penistone and Stocksbridge,Penistone and Stocksbridge,70724,13842,8861,13572,2379,1909,3357,0,0,0,,,,,43920,LAB,70724,19169.0,10430.0,9456.0,0,2866.0,2044.0,,,,,,,,43965
Penrith and Solway,Penrith and Solway,77976,14551,10800,14985,2585,3188,3107,66,0,0,,,,,49282,REF,77976,19986.0,14729.0,7624.0,0,4742.0,1730.0,470.0,,,,,,,49281
Perth and Kinross-shire,Perth and Kinross-shire,77279,4961,10155,7827,1396,3870,2742,351,18775,0,,,,,50077,SNP,77279,9018.0,14801.0,2970.0,0,3681.0,,679.0,18928.0,,,,,,50077
Peterborough,Peterborough,73330,13804,9366,10127,1527,1250,3157,2641,0,0,,,,,41872,LAB,73330,13418.0,13300.0,5379.0,0,1746.0,2542.0,5487.0,,,,,,,41872
Plymouth Moor View,Plymouth Moor View,74792,13677,5656,17452,2692,1182,2198,0,0,0,,,,,42857,REF,74792,17665.0,12061.0,9670.0,0,1766.0,1694.0,,,,,,,,42856
Plymouth Sutton and Devonport,Plymouth Sutton and Devonport,75169,16375,4712,11147,1921,1740,5705,496,0,0,,,,,42096,LAB,75169,20795.0,6873.0,7467.0,0,2441.0,3186.0,1333.0,,,,,,,42095
"Pontefract, Castleford and Knottingley","Pontefract, Castleford and Knottingley",74599,12204,3241,13978,2618,968,2879,69,0,0,,,,,35957,REF,74599,17089.0,5406.0,10459.0,0,1213.0,1651.0,139.0,,,,,,,35957
Pontypridd,Pontypridd,76019,8068,2940,10127,2293,1113,2543,786,0,11509,,,,,39379,PLAID,76019,16225.0,3775.0,7823.0,0,1606.0,1865.0,2809.0,,5275.0,,,,,39378
Poole,Poole,72467,12962,6461,16376,2000,3578,2902,217,0,0,,,,,44496,REF,72467,14168.0,14150.0,7429.0,0,5507.0,2218.0,1023.0,,,,,,,44495
Poplar and Limehouse,Poplar and Limehouse,84083,18935,5516,3064,337,3595,7512,4092,0,0,,,,,43051,LAB,84083,18535.0,4738.0,3403.0,0,4189.0,5975.0,6211.0,,,,,,,43051
Portsmouth North,Portsmouth North,70377,11857,7883,15272,2135,1987,2459,0,0,0,,,,,41593,REF,70377,14495.0,13715.0,8501.0,0,3031.0,1851.0,,,,,,,,41593
Portsmouth South,Portsmouth South,73727,15309,5717,7567,1362,3780,4706,488,0,0,,,,,38929,LAB,73727,18857.0,5643.0,5702.0,0,4886.0,3107.0,733.0,,,,,,,38928
Preston,Preston,77624,15489,3901,8210,1517,2673,3373,4791,0,0,,,,,39954,LAB,77624,14006.0,5212.0,5738.0,0,3195.0,1751.0,10091.0,,,,,,,39993
Putney,Putney,63033,18167,10507,3451,615,4634,4841,480,0,0,,,,,42695,LAB,63033,20952.0,10011.0,2681.0,0,5189.0,3182.0,722.0,,,,,,,42737
Queen's Park and Maida Vale,Queen's Park and Maida Vale,76159,18632,5714,1733,445,3367,6884,1569,0,0,,,,,38344,LAB,76159,20126.0,5088.0,2106.0,0,3417.0,5213.0,2393.0,,,,,,,38343
Rawmarsh and Conisbrough,Rawmarsh and Conisbrough,69191,11937,2787,12906,2387,897,2866,123,0,0,,,,,33903,REF,69191,16612.0,4496.0,9704.0,0,1137.0,1687.0,268.0,,,,,,,33904
Rayleigh and Wickford,Rayleigh and Wickford,76519,7686,14412,17961,2337,2759,2823,0,0,0,,,,,47978,REF,76519,11823.0,17756.0,12135.0,0,4068.0,2196.0,,,,,,,,47978
Reading Central,Reading Central,73643,18222,8390,5843,1003,3626,7909,299,0,0,,,,,45292,LAB,73643,21598.0,8961.0,3904.0,0,3963.0,6417.0,448.0,,,,,,,45291
Reading West and Mid Berkshire,Reading West and Mid Berkshire,68862,13617,14782,9182,1637,3042,3896,396,0,0,,,,,46552,CON,68862,16273.0,14912.0,6260.0,0,5103.0,3169.0,834.0,,,,,,,46551
Redcar,Redcar,70220,11867,5539,15045,2343,1025,2270,73,0,0,,,,,38162,REF,70220,15663.0,12340.0,7216.0,0,1542.0,1270.0,169.0,,,,,,,38200
Redditch,Redditch,70979,11829,11162,12923,2211,1310,2586,354,0,0,,,,,42375,REF,70979,14810.0,14021.0,8516.0,0,2165.0,2098.0,765.0,,,,,,,42375
Reigate,Reigate,77044,13307,15355,13517,1545,3977,5407,0,0,0,,,,,53108,CON,77044,15635.0,18822.0,7240.0,0,6773.0,4691.0,,,,,,,,53161
Rhondda and Ogmore,Rhondda and Ogmore,74440,8880,1746,10034,2534,642,1760,0,0,10211,,,,,35807,PLAID,74440,17118.0,2050.0,9328.0,0,935.0,1177.0,,,5198.0,,,,,35806
Ribble Valley,Ribble Valley,80530,14900,17599,11471,2092,2904,2416,589,0,0,,,,,51971,CON,80530,18177.0,17321.0,8524.0,0,5001.0,1727.0,1273.0,,,,,,,52023
Richmond Park,Richmond Park,74339,3196,12671,4446,673,25157,5036,338,0,0,,,,,51517,LD,74339,5048.0,11373.0,3258.0,0,28528.0,2728.0,582.0,,,,,,,51517
Richmond and Northallerton,Richmond and Northallerton,74027,8630,17256,14660,2125,2918,2813,76,0,0,,,,,48478,CON,74027,10874.0,23059.0,7142.0,0,4322.0,2058.0,1071.0,,,,,,,48526
Rochdale,Rochdale,72555,15313,3836,7643,1552,1905,3226,6213,0,0,,,,,39688,LAB,72555,13027.0,4273.0,6773.0,0,2816.0,1212.0,11587.0,,,,,,,39688
Rochester and Strood,Rochester and Strood,74212,12536,11606,11839,2062,1258,3100,197,0,0,,,,,42598,LAB,74212,15403.0,12473.0,9966.0,0,1894.0,2427.0,435.0,,,,,,,42598
Romford,Romford,72925,11221,11257,14964,1411,1464,3119,566,0,0,,,,,44002,REF,72925,13876.0,15339.0,9624.0,0,1895.0,2220.0,1093.0,,,,,,,44047
Romsey and Southampton North,Romsey and Southampton North,71877,3222,17852,10618,1617,13408,3197,113,0,0,,,,,50027,CON,71877,4640.0,19893.0,5716.0,0,17702.0,1893.0,183.0,,,,,,,50027
Rossendale and Darwen,Rossendale and Darwen,74363,14448,9726,14053,2382,856,2921,232,0,0,,,,,44618,LAB,74363,18247.0,12619.0,9695.0,0,1241.0,2325.0,491.0,,,,,,,44618
Rother Valley,Rother Valley,69636,12230,9740,14058,2281,774,2524,0,0,0,,,,,41607,REF,69636,16023.0,15025.0,7679.0,0,1175.0,1706.0,,,,,,,,41608
Rotherham,Rotherham,76740,14190,2092,11713,2142,1316,3703,1739,0,0,,,,,36895,LAB,76740,16671.0,,11181.0,0,2824.0,2632.0,3624.0,,,,,,,36932
Rugby,Rugby,74929,15517,13866,11634,2151,2010,3664,162,0,0,,,,,49004,LAB,74929,19533.0,15105.0,8225.0,0,3252.0,2556.0,333.0,,,,,,,49004
"Ruislip, Northwood and Pinner","Ruislip, Northwood and Pinner",71675,11716,21634,5343,700,3710,3987,0,0,0,,,,,47090,CON,71675,13785.0,21366.0,4671.0,0,4343.0,2926.0,,,,,,,,47091
Runcorn and Helsby,Runcorn and Helsby,71031,16233,5011,13180,2269,1843,3532,126,0,0,,,,,42194,LAB,71031,22358.0,6756.0,7662.0,0,2149.0,2715.0,595.0,,,,,,,42235
Runnymede and Weybridge,Runnymede and Weybridge,73556,7470,16152,12235,1444,7638,2907,360,0,0,,,,,48206,CON,73556,9963.0,18442.0,6419.0,0,10815.0,1954.0,660.0,,,,,,,48253
Rushcliffe,Rushcliffe,79395,18759,20176,8924,1688,2306,5534,358,0,0,,,,,57745,CON,79395,25291.0,17865.0,6353.0,0,3133.0,4367.0,735.0,,,,,,,57744
Rutherglen,Rutherglen,72622,11157,2601,8008,1636,1923,2558,529,14071,0,,,,,42483,SNP,72622,21460.0,2420.0,2685.0,0,1714.0,,1512.0,12693.0,,,,,,42484
Rutland and Stamford,Rutland and Stamford,71753,7456,19251,11769,1909,4260,3656,228,0,0,,,,,48529,CON,71753,10854.0,21248.0,7008.0,0,6252.0,2806.0,409.0,,,,,,,48577
Salford,Salford,83976,16410,3459,7117,1409,2606,8022,681,0,0,,,,,39704,LAB,83976,21132.0,3583.0,6031.0,0,2752.0,5188.0,1018.0,,,,,,,39704
Salisbury,Salisbury,71778,10597,11973,14693,1844,7758,3085,223,0,0,,,,,50173,REF,71778,13303.0,17110.0,5235.0,0,11825.0,2115.0,585.0,,,,,,,50173
Scarborough and Whitby,Scarborough and Whitby,74571,14606,6665,16549,2650,1310,2289,152,0,0,,,,,44221,REF,74571,17758.0,12350.0,9657.0,0,1899.0,1719.0,838.0,,,,,,,44221
Scunthorpe,Scunthorpe,74020,12190,5784,14878,2434,686,2459,619,0,0,,,,,39050,REF,74020,15484.0,11942.0,8163.0,0,942.0,1218.0,1302.0,,,,,,,39051
Sefton Central,Sefton Central,74255,19945,6292,13409,1818,2006,3773,159,0,0,,,,,47402,LAB,74255,26772.0,8490.0,5767.0,0,2630.0,3294.0,496.0,,,,,,,47449
Selby,Selby,78130,15280,12662,13352,2611,1522,3745,0,0,0,,,,,49172,LAB,78130,22788.0,12593.0,9565.0,0,1792.0,2484.0,,,,,,,,49222
Sevenoaks,Sevenoaks,73706,4478,15466,14481,1854,10455,2841,273,0,0,,,,,49848,CON,73706,6802.0,18328.0,9341.0,0,12888.0,2033.0,507.0,,,,,,,49899
Sheffield Brightside and Hillsborough,Sheffield Brightside and Hillsborough,71583,12370,909,7348,775,1632,5385,3192,0,0,,,,,31611,LAB,71583,16301.0,4069.0,,0,1694.0,4701.0,4847.0,,,,,,,31612
Sheffield Central,Sheffield Central,61123,13555,2292,2567,555,1492,10908,433,0,0,,,,,31802,LAB,61123,16569.0,2339.0,,0,2174.0,8283.0,2438.0,,,,,,,31803
Sheffield Hallam,Sheffield Hallam,72882,17866,4801,7864,733,12478,7200,659,0,0,,,,,51601,LAB,72882,23875.0,6205.0,,0,15686.0,4491.0,1344.0,,,,,,,51601
Sheffield Heeley,Sheffield Heeley,74730,15728,1781,10255,1631,2639,6088,324,0,0,,,,,38446,LAB,74730,21230.0,5242.0,,0,3863.0,5926.0,2185.0,,,,,,,38446
Sheffield South East,Sheffield South East,74213,15151,1832,10004,1695,2345,3910,834,0,0,,,,,35771,LAB,74213,18710.0,6252.0,,0,3421.0,3158.0,4230.0,,,,,,,35771
Sherwood Forest,Sherwood Forest,78865,14784,10329,15885,2896,1308,3313,144,0,0,,,,,48659,REF,78865,18841.0,13398.0,11320.0,0,1838.0,2216.0,1047.0,,,,,,,48660
Shipley,Shipley,74084,17599,11250,11600,1934,1171,4133,617,0,0,,,,,48304,LAB,74084,21738.0,13135.0,7238.0,0,1341.0,3605.0,1246.0,,,,,,,48303
Shrewsbury,Shrewsbury,76916,18507,6169,16482,2354,4300,3585,162,0,0,,,,,51559,LAB,76916,22932.0,11577.0,7524.0,0,6722.0,2387.0,418.0,,,,,,,51560
Sittingbourne and Sheppey,Sittingbourne and Sheppey,78994,12399,6841,15267,2456,936,2283,775,0,0,,,,,40957,REF,78994,11919.0,11564.0,10512.0,0,1321.0,1692.0,3990.0,,,,,,,40998
Skipton and Ripon,Skipton and Ripon,79185,14235,17323,12410,2319,2500,4081,475,0,0,,,,,53343,CON,79185,17183.0,18833.0,8516.0,0,4194.0,3446.0,1278.0,,,,,,,53450
Sleaford and North Hykeham,Sleaford and North Hykeham,75646,11138,16177,13445,2533,1504,3096,673,0,0,,,,,48566,CON,75646,13002.0,17348.0,10484.0,0,2264.0,2435.0,3032.0,,,,,,,48565
Slough,Slough,81349,16641,7640,2949,602,2239,4294,8870,0,0,,,,,43235,LAB,81349,14666.0,7457.0,3352.0,0,2060.0,1873.0,13870.0,,,,,,,43278
Smethwick,Smethwick,72873,15611,4496,5328,1105,1351,4362,2827,0,0,,,,,35080,LAB,72873,16858.0,4546.0,5670.0,0,1018.0,2741.0,4282.0,,,,,,,35115
Solihull West and Shirley,Solihull West and Shirley,71787,8779,18350,8501,1498,5183,4221,345,0,0,,,,,46877,CON,71787,11664.0,16284.0,7149.0,0,7916.0,3270.0,594.0,,,,,,,46877
South Basildon and East Thurrock,South Basildon and East Thurrock,72700,11348,6279,16040,2171,947,2292,433,0,0,,,,,39510,REF,72700,12080.0,10159.0,12178.0,0,1071.0,1718.0,2343.0,,,,,,,39549
South Cambridgeshire,South Cambridgeshire,77302,3578,17536,6452,1447,21322,4192,248,0,0,,,,,54775,LD,77302,6106.0,15063.0,4897.0,0,25704.0,2656.0,459.0,,,,,,,54885
South Cotswolds,South Cotswolds,71921,2647,16751,9021,1811,19009,2866,131,0,0,,,,,52236,LD,71921,3942.0,17988.0,5146.0,0,22961.0,1564.0,686.0,,,,,,,52287
South Derbyshire,South Derbyshire,73769,14279,11824,12767,2379,1465,2865,158,0,0,,,,,45737,LAB,73769,17734.0,13566.0,8979.0,0,2134.0,1941.0,1383.0,,,,,,,45737
South Devon,South Devon,72277,1892,11529,11933,2081,18535,2950,83,0,0,,,,,49003,LD,72277,3066.0,15413.0,6363.0,0,22540.0,1497.0,125.0,,,,,,,49004
South Dorset,South Dorset,75908,13610,8029,16873,2536,4956,2919,114,0,0,,,,,49037,REF,75908,15659.0,14611.0,8168.0,0,8017.0,2153.0,429.0,,,,,,,49037
South East Cornwall,South East Cornwall,72586,12395,12380,13568,2552,5188,3175,28,0,0,,,,,49286,REF,72586,15670.0,13759.0,9311.0,0,8284.0,1999.0,263.0,,,,,,,49286
South Holland and The Deepings,South Holland and The Deepings,78512,8304,14037,15448,2794,1319,2564,1464,0,0,,,,,45930,REF,78512,9086.0,17462.0,10606.0,0,1945.0,1800.0,5031.0,,,,,,,45930
South Leicestershire,South Leicestershire,78530,8839,19321,12604,2406,4890,3248,0,0,0,,,,,51308,CON,78530,12758.0,18264.0,10235.0,0,7621.0,2481.0,,,,,,,,51359
South Norfolk,South Norfolk,73998,13996,13330,12141,2048,3325,4561,179,0,0,,,,,49580,LAB,73998,17353.0,14527.0,7583.0,0,5746.0,3987.0,383.0,,,,,,,49579
South Northamptonshire,South Northamptonshire,78275,11733,21761,10216,2191,3372,3881,542,0,0,,,,,53696,CON,78275,15504.0,19191.0,8962.0,0,4989.0,3040.0,2011.0,,,,,,,53697
South Ribble,South Ribble,73459,14638,10503,14054,2261,1851,3413,0,0,0,,,,,46720,LAB,73459,19840.0,13339.0,8995.0,0,2972.0,1574.0,,,,,,,,46720
South Shields,South Shields,68319,12827,1781,12400,2148,964,5719,986,0,0,,,,,36825,LAB,68319,15122.0,4128.0,8469.0,0,1402.0,5433.0,2270.0,,,,,,,36824
South Shropshire,South Shropshire,76636,4299,14354,15211,2454,12373,2962,0,0,0,,,,,51653,REF,76636,6939.0,17628.0,9171.0,0,16004.0,1911.0,,,,,,,,51653
South Suffolk,South Suffolk,74505,9679,15628,12505,2392,4007,4591,0,0,0,,,,,48802,CON,74505,13035.0,16082.0,9252.0,0,6424.0,4008.0,,,,,,,,48801
South West Devon,South West Devon,77625,12116,14594,15907,2458,3462,3619,86,0,0,,,,,52242,REF,77625,15804.0,17916.0,9361.0,0,5551.0,2925.0,685.0,,,,,,,52242
South West Hertfordshire,South West Hertfordshire,71699,6596,18771,8686,1306,8939,3474,481,0,0,,,,,48253,CON,71699,9637.0,16458.0,6790.0,0,12002.0,2532.0,835.0,,,,,,,48254
South West Norfolk,South West Norfolk,74763,13131,7089,14606,2647,1698,2756,2409,0,0,,,,,44336,REF,74763,11847.0,11217.0,9958.0,0,2618.0,1838.0,6857.0,,,,,,,44335
South West Wiltshire,South West Wiltshire,73050,9163,10232,16510,2344,4652,3047,220,0,0,,,,,46168,REF,73050,12374.0,15617.0,7840.0,0,7205.0,2243.0,889.0,,,,,,,46168
Southampton Itchen,Southampton Itchen,68440,12965,8551,9522,1710,1779,3398,128,0,0,,,,,38053,LAB,68440,15782.0,9677.0,6853.0,0,2684.0,2793.0,264.0,,,,,,,38053
Southampton Test,Southampton Test,65576,13972,5544,7828,1301,2283,4308,569,0,0,,,,,35805,LAB,65576,15945.0,6612.0,5261.0,0,3252.0,3594.0,1141.0,,,,,,,35805
Southend East and Rochford,Southend East and Rochford,70187,12978,6534,13065,1814,1582,3343,340,0,0,,,,,39656,REF,70187,15395.0,11368.0,7214.0,0,2269.0,2716.0,694.0,,,,,,,39656
Southend West and Leigh,Southend West and Leigh,75269,14156,8049,16324,1981,2131,3939,290,0,0,,,,,46870,REF,75269,16739.0,14790.0,8273.0,0,3174.0,3262.0,632.0,,,,,,,46870
Southgate and Wood Green,Southgate and Wood Green,77539,20130,8584,4273,663,3699,7266,1055,0,0,,,,,45670,LAB,77539,23337.0,8037.0,3147.0,0,3925.0,5607.0,1618.0,,,,,,,45671
Southport,Southport,73625,14949,5685,15352,2123,3778,2896,229,0,0,,,,,45012,REF,73625,17252.0,11463.0,7395.0,0,5868.0,2159.0,922.0,,,,,,,45059
Spelthorne,Spelthorne,73747,10973,12412,12245,1609,5582,3218,127,0,0,,,,,46166,CON,73747,12448.0,14038.0,8284.0,0,8710.0,2413.0,273.0,,,,,,,46166
Spen Valley,Spen Valley,72669,13583,8490,12275,2236,959,2798,717,0,0,,,,,41058,LAB,72669,16076.0,9859.0,9888.0,0,1425.0,2284.0,1526.0,,,,,,,41058
St Albans,St Albans,72695,4503,12614,5710,1131,21620,5899,136,0,0,,,,,51613,LD,72695,5189.0,9388.0,4336.0,0,29222.0,3272.0,207.0,,,,,,,51614
St Austell and Newquay,St Austell and Newquay,76110,13878,7794,16380,2687,3027,2940,26,0,0,,,,,46732,REF,76110,15958.0,13488.0,9212.0,0,4805.0,2337.0,932.0,,,,,,,46732
St Helens North,St Helens North,75511,15426,3079,14002,2458,1530,3802,136,0,0,,,,,40433,LAB,75511,21284.0,4507.0,9115.0,0,1799.0,3495.0,274.0,,,,,,,40474
St Helens South and Whiston,St Helens South and Whiston,71789,15811,1044,13432,1922,1556,3217,1016,0,0,,,,,37998,LAB,71789,18919.0,3057.0,6974.0,0,2199.0,2642.0,4244.0,,,,,,,38035
St Ives,St Ives,69921,1745,7825,11560,2143,20213,4511,109,0,0,,,,,48106,LD,69921,2788.0,11247.0,6492.0,0,25033.0,1797.0,749.0,,,,,,,48106
St Neots and Mid Cambridgeshire,St Neots and Mid Cambridgeshire,78072,5961,9804,13339,1703,17660,3617,797,0,0,,,,,52881,LD,78072,6918.0,14896.0,5673.0,0,19517.0,2663.0,3215.0,,,,,,,52882
Stafford,Stafford,70565,14725,10702,13623,2198,1138,3428,195,0,0,,,,,46009,LAB,70565,18531.0,13936.0,8612.0,0,1676.0,2856.0,398.0,,,,,,,46009
Staffordshire Moorlands,Staffordshire Moorlands,69841,9982,12696,14359,2548,994,2723,0,0,0,,,,,43302,REF,69841,14135.0,15310.0,10065.0,0,1499.0,2293.0,,,,,,,,43302
Stalybridge and Hyde,Stalybridge and Hyde,72308,13656,4322,12055,1970,858,3337,1041,0,0,,,,,37239,LAB,72308,16320.0,6872.0,7781.0,0,1080.0,2745.0,2441.0,,,,,,,37239
Stevenage,Stevenage,70955,14343,9658,11158,1821,2230,3357,62,0,0,,,,,42629,LAB,70955,17698.0,11080.0,7667.0,0,3467.0,2655.0,148.0,,,,,,,42715
Stirling and Strathallan,Stirling and Strathallan,75887,9082,5777,8080,1263,2386,5821,0,17373,0,,,,,49782,SNP,75887,16856.0,9469.0,3145.0,0,2530.0,2320.0,,15462.0,,,,,,49782
Stockport,Stockport,76961,17848,3921,11112,1802,2696,5393,911,0,0,,,,,43683,LAB,76961,21787.0,4967.0,6517.0,0,3724.0,4865.0,1823.0,,,,,,,43683
Stockton North,Stockton North,70302,13478,4649,13545,2322,816,2590,0,0,0,,,,,37400,REF,70302,17128.0,8028.0,9189.0,0,1133.0,1923.0,,,,,,,,37401
Stockton West,Stockton West,72031,13397,18066,11998,1963,861,2072,283,0,0,,,,,48640,CON,72031,18233.0,20372.0,6833.0,0,1203.0,1477.0,520.0,,,,,,,48638
Stoke-on-Trent Central,Stoke-on-Trent Central,73826,13085,3784,11560,2091,766,2594,1373,0,0,,,,,35253,LAB,73826,14950.0,6221.0,8541.0,0,999.0,1703.0,2875.0,,,,,,,35289
Stoke-on-Trent North,Stoke-on-Trent North,69787,12248,5344,13394,2318,666,1641,538,0,0,,,,,36149,REF,69787,14579.0,9497.0,8824.0,0,911.0,1236.0,1103.0,,,,,,,36150
Stoke-on-Trent South,Stoke-on-Trent South,69986,11891,9710,13547,2364,1030,1664,696,0,0,,,,,40902,REF,69986,14221.0,13594.0,8851.0,0,1577.0,1207.0,1492.0,,,,,,,40942
"Stone, Great Wyrley and Penkridge","Stone, Great Wyrley and Penkridge",71521,12991,10298,12265,1467,1776,2856,1117,0,0,,,,,42770,LAB,71521,14414.0,19880.0,,0,2952.0,2236.0,3288.0,,,,,,,42770
Stourbridge,Stourbridge,68167,12537,9160,12321,2052,1070,2230,508,0,0,,,,,39878,LAB,68167,15338.0,12265.0,7869.0,0,1607.0,1732.0,1067.0,,,,,,,39878
Stratford and Bow,Stratford and Bow,81304,19788,3904,1679,445,2256,8999,6364,0,0,,,,,43435,LAB,81304,19145.0,3114.0,2093.0,0,1926.0,7511.0,9646.0,,,,,,,43435
Stratford-on-Avon,Stratford-on-Avon,75763,2506,14629,10882,2049,20156,2578,159,0,0,,,,,52959,LD,75763,3753.0,16328.0,7753.0,0,23450.0,1197.0,478.0,,,,,,,52959
Streatham and Croydon North,Streatham and Croydon North,76948,19519,6296,2816,559,4927,9554,882,0,0,,,,,44553,LAB,76948,23232.0,5328.0,1994.0,0,5031.0,7629.0,1339.0,,,,,,,44553
Stretford and Urmston,Stretford and Urmston,75441,18063,6587,8748,1516,2425,5505,3158,0,0,,,,,46002,LAB,75441,22642.0,6492.0,5485.0,0,2216.0,4398.0,4769.0,,,,,,,46002
Stroud,Stroud,77918,19297,9345,15699,2285,2221,6201,195,0,0,,,,,55243,LAB,77918,25630.0,14219.0,6329.0,0,2913.0,5729.0,424.0,,,,,,,55244
Suffolk Coastal,Suffolk Coastal,74474,12775,12132,13253,2328,3982,4981,0,0,0,,,,,49451,REF,74474,15672.0,14602.0,7850.0,0,6947.0,4380.0,,,,,,,,49451
Sunderland Central,Sunderland Central,76108,13574,4524,13608,2327,2367,3558,0,0,0,,,,,39958,REF,76108,16852.0,5731.0,10779.0,0,3602.0,2993.0,,,,,,,,39957
Surrey Heath,Surrey Heath,72180,2033,11952,11491,1480,18149,2628,54,0,0,,,,,47787,LD,72180,3148.0,15747.0,6252.0,0,21387.0,1162.0,92.0,,,,,,,47788
Sussex Weald,Sussex Weald,72851,5886,13830,15457,2049,6570,4681,702,0,0,,,,,49175,REF,72851,8239.0,16758.0,8920.0,0,9916.0,3762.0,1580.0,,,,,,,49175
Sutton Coldfield,Sutton Coldfield,74130,12371,18797,10087,1560,1849,3306,363,0,0,,,,,48333,CON,74130,15959.0,18502.0,8213.0,0,2587.0,2419.0,653.0,,,,,,,48333
Sutton and Cheam,Sutton and Cheam,72239,5452,14140,8158,1108,15517,3057,175,0,0,,,,,47607,LD,72239,8430.0,13775.0,5787.0,0,17576.0,1721.0,317.0,,,,,,,47606
Swansea West,Swansea West,74285,7022,2190,6736,1770,2979,5161,43,0,8537,,,,,34438,PLAID,74285,14761.0,3536.0,6246.0,0,4367.0,2305.0,337.0,,4105.0,,,,,35657
Swindon North,Swindon North,73242,14291,10085,13168,2069,1381,2984,188,0,0,,,,,44166,LAB,73242,17930.0,13827.0,7557.0,0,2086.0,2366.0,399.0,,,,,,,44165
Swindon South,Swindon South,72599,17438,8063,11896,1802,1374,3975,245,0,0,,,,,44793,LAB,72599,21676.0,12070.0,6194.0,0,1843.0,2539.0,472.0,,,,,,,44794
Tamworth,Tamworth,75108,12223,10464,15283,2674,960,2051,134,0,0,,,,,43789,REF,75108,15338.0,13956.0,11004.0,0,1451.0,1579.0,460.0,,,,,,,43788
Tatton,Tatton,76001,13542,20521,9263,1621,3000,3962,0,0,0,,,,,51909,CON,76001,18820.0,19956.0,5948.0,0,4614.0,2571.0,,,,,,,,51909
Taunton and Wellington,Taunton and Wellington,78707,2261,7159,14662,2343,20242,3539,88,0,0,,,,,50294,LD,78707,3552.0,12392.0,8053.0,0,24331.0,1832.0,134.0,,,,,,,50294
Telford,Telford,73786,14529,5573,14088,2457,1169,2873,0,0,0,,,,,40689,LAB,73786,18212.0,8728.0,10110.0,0,1560.0,2120.0,,,,,,,,40730
Tewkesbury,Tewkesbury,73432,2665,7067,15257,1938,17655,3849,108,0,0,,,,,48539,LD,73432,4298.0,14468.0,6000.0,0,20730.0,2873.0,170.0,,,,,,,48539
The Wrekin,The Wrekin,78895,12877,14485,13392,2413,2837,3760,255,0,0,,,,,50019,CON,78895,15437.0,16320.0,9920.0,0,4757.0,3028.0,558.0,,,,,,,50020
Thirsk and Malton,Thirsk and Malton,78420,9589,15509,14852,2562,3390,3684,211,0,0,,,,,49797,CON,78420,11994.0,19544.0,8963.0,0,5379.0,2986.0,931.0,,,,,,,49797
Thornbury and Yate,Thornbury and Yate,78136,2929,10729,16592,2282,17679,3156,0,0,0,,,,,53367,LD,78136,5057.0,17801.0,7529.0,0,20815.0,2165.0,,,,,,,,53367
Thurrock,Thurrock,73355,13987,6259,11616,1466,1086,2553,553,0,0,,,,,37520,LAB,73355,16050.0,8009.0,9576.0,0,1157.0,1632.0,1134.0,,,,,,,37558
Tipton and Wednesbury,Tipton and Wednesbury,74069,10421,6644,9518,1804,592,2120,752,0,0,,,,,31851,LAB,74069,11755.0,8370.0,8019.0,0,592.0,1509.0,1605.0,,,,,,,31850
Tiverton and Minehead,Tiverton and Minehead,72065,2493,9849,14203,2354,15330,3262,0,0,0,,,,,47491,LD,72065,4325.0,14819.0,7787.0,0,18326.0,2234.0,,,,,,,,47491
Tonbridge,Tonbridge,72833,6609,20085,9941,1909,2908,8327,549,0,0,,,,,50328,CON,72833,9351.0,20517.0,7548.0,0,4234.0,7596.0,1082.0,,,,,,,50328
Tooting,Tooting,76176,24721,9272,5178,707,4307,7849,909,0,0,,,,,52943,LAB,76176,29209.0,9722.0,2546.0,0,4438.0,5672.0,1356.0,,,,,,,52943
Torbay,Torbay,76223,2154,4741,18246,2523,15378,2943,130,0,0,,,,,46115,REF,76223,3276.0,13588.0,8660.0,0,18937.0,1420.0,234.0,,,,,,,46115
Torfaen,Torfaen,71696,7136,5268,9061,2342,1076,2357,287,0,8178,,,,,35705,REF,71696,15176.0,5737.0,7854.0,0,1644.0,1705.0,1018.0,,2571.0,,,,,35705
Torridge and Tavistock,Torridge and Tavistock,74735,7384,12340,17142,2645,7841,3420,49,0,0,,,,,50821,REF,74735,10765.0,16049.0,9152.0,0,12099.0,2350.0,405.0,,,,,,,50820
Tottenham,Tottenham,75894,19694,3532,2064,410,2559,9504,2385,0,0,,,,,40148,LAB,75894,23066.0,2320.0,1602.0,0,1928.0,7632.0,3600.0,,,,,,,40148
Truro and Falmouth,Truro and Falmouth,72952,17124,8651,13327,1967,4112,4911,121,0,0,,,,,50213,LAB,72952,20783.0,12632.0,6163.0,0,6552.0,3470.0,664.0,,,,,,,50264
Tunbridge Wells,Tunbridge Wells,78737,3887,12763,10795,1772,20924,3765,344,0,0,,,,,54250,LD,78737,6178.0,14974.0,6484.0,0,23661.0,2344.0,609.0,,,,,,,54250
Twickenham,Twickenham,75013,5874,11251,6295,948,22378,6677,212,0,0,,,,,53635,LD,75013,6693.0,8728.0,4092.0,0,30185.0,3590.0,347.0,,,,,,,53635
Tynemouth,Tynemouth,73138,19209,6329,14053,2082,2023,4218,503,0,0,,,,,48417,LAB,73138,24491.0,9036.0,7392.0,0,2709.0,3592.0,1198.0,,,,,,,48418
Uxbridge and South Ruislip,Uxbridge and South Ruislip,74778,14362,17263,6378,936,1372,5316,287,0,0,,,,,45914,CON,74778,16599.0,16012.0,6610.0,0,1752.0,4354.0,587.0,,,,,,,45914
Vale of Glamorgan,Vale of Glamorgan,74513,8494,12733,7601,2144,995,3106,245,0,9167,,,,,44485,CON,74513,17740.0,13524.0,6973.0,0,1612.0,1881.0,851.0,,3245.0,,,,,45826
Vauxhall and Camberwell Green,Vauxhall and Camberwell Green,69769,18694,3295,1954,502,4437,8531,124,0,0,,,,,37537,LAB,69769,21528.0,2809.0,2033.0,0,4549.0,6416.0,201.0,,,,,,,37536
Wakefield and Rothwell,Wakefield and Rothwell,75011,15113,5080,12433,2129,2163,3000,739,0,0,,,,,40657,LAB,75011,17773.0,7322.0,8427.0,0,3249.0,2389.0,1496.0,,,,,,,40656
Wallasey,Wallasey,74245,18274,2097,14090,2140,1547,4370,185,0,0,,,,,42703,LAB,74245,24674.0,4987.0,6678.0,0,1843.0,3905.0,659.0,,,,,,,42746
Walsall and Bloxwich,Walsall and Bloxwich,75266,14321,5934,7870,1548,787,2965,3766,0,0,,,,,37191,LAB,75266,12514.0,6679.0,7293.0,0,817.0,2288.0,7600.0,,,,,,,37191
Walthamstow,Walthamstow,74499,22623,3922,3314,552,2484,10603,2361,0,0,,,,,45859,LAB,74499,27172.0,2353.0,1836.0,0,1736.0,9176.0,3586.0,,,,,,,45859
Warrington North,Warrington North,70619,14073,5104,13110,2270,1921,3250,274,0,0,,,,,40002,LAB,70619,18730.0,6486.0,9540.0,0,2737.0,1889.0,659.0,,,,,,,40041
Warrington South,Warrington South,78347,17845,8898,13896,2155,2562,4049,266,0,0,,,,,49671,LAB,78347,23201.0,11861.0,7913.0,0,3829.0,2313.0,555.0,,,,,,,49672
Warwick and Leamington,Warwick and Leamington,76275,18965,10392,8818,1455,2795,6700,73,0,0,,,,,49198,LAB,76275,23975.0,11563.0,5154.0,0,3881.0,4471.0,154.0,,,,,,,49198
Washington and Gateshead South,Washington and Gateshead South,70921,13158,3221,13858,2580,1175,2911,118,0,0,,,,,37021,REF,70921,17682.0,4654.0,10769.0,0,1602.0,1687.0,627.0,,,,,,,37021
Watford,Watford,73116,14917,14005,5026,1020,4533,3586,1367,0,0,,,,,44454,LAB,73116,15708.0,10985.0,4930.0,0,7577.0,2428.0,2827.0,,,,,,,44455
Waveney Valley,Waveney Valley,72700,3737,9885,11033,2438,1079,20837,65,0,0,,,,,49074,GRN,72700,4621.0,14874.0,7779.0,0,1214.0,20467.0,118.0,,,,,,,49073
Weald of Kent,Weald of Kent,76029,8928,20204,10967,2167,3177,5217,0,0,0,,,,,50660,CON,76029,11780.0,20202.0,10208.0,0,3975.0,4547.0,,,,,,,,50712
Wellingborough and Rushden,Wellingborough and Rushden,77574,14109,9229,13517,2382,1117,3462,125,0,0,,,,,43941,LAB,77574,17734.0,12248.0,9456.0,0,1570.0,2704.0,273.0,,,,,,,43985
Wells and Mendip Hills,Wells and Mendip Hills,73529,3274,10364,10117,2067,20942,3348,206,0,0,,,,,50318,LD,73529,3527.0,12501.0,6611.0,0,23622.0,2068.0,2039.0,,,,,,,50368
Welwyn Hatfield,Welwyn Hatfield,75240,15961,17068,8039,1497,1999,3891,0,0,0,,,,,48455,CON,75240,19877.0,16078.0,6397.0,0,3117.0,2986.0,,,,,,,,48455
West Aberdeenshire and Kincardine,West Aberdeenshire and Kincardine,72962,2953,15790,6088,1321,6030,3088,38,13650,0,,,,,48958,CON,72962,6397.0,17428.0,3497.0,0,6342.0,1032.0,275.0,13987.0,,,,,,48958
West Bromwich,West Bromwich,73997,14447,7376,7245,1379,1543,3285,1204,0,0,,,,,36479,LAB,73997,16872.0,7318.0,7101.0,0,1314.0,2036.0,1840.0,,,,,,,36481
West Dorset,West Dorset,76911,2491,8564,12813,1591,22889,4038,167,0,0,,,,,52553,LD,76911,3086.0,19210.0,,0,26999.0,2288.0,1022.0,,,,,,,52605
West Dunbartonshire,West Dunbartonshire,69082,9262,1563,8648,1908,1136,3559,137,13370,0,,,,,39583,SNP,69082,19312.0,1474.0,2770.0,0,839.0,1496.0,391.0,13302.0,,,,,,39584
West Ham and Beckton,West Ham and Beckton,79341,16698,3990,2633,371,1978,5485,5158,0,0,,,,,36313,LAB,79341,16434.0,3781.0,2800.0,0,1606.0,3897.0,7830.0,,,,,,,36348
West Lancashire,West Lancashire,74036,15460,6633,12735,2148,1605,5619,0,0,0,,,,,44200,LAB,74036,22305.0,8680.0,7909.0,0,2043.0,3263.0,,,,,,,,44200
West Suffolk,West Suffolk,77476,10150,13500,13394,2366,2796,3654,301,0,0,,,,,46161,CON,77476,12567.0,15814.0,9623.0,0,4284.0,2910.0,963.0,,,,,,,46161
West Worcestershire,West Worcestershire,79256,5122,15400,15102,2222,11000,5651,190,0,0,,,,,54687,CON,79256,8335.0,19783.0,7902.0,0,13236.0,5068.0,363.0,,,,,,,54687
Westmorland and Lonsdale,Westmorland and Lonsdale,71995,2028,10248,11408,1474,19090,5179,106,0,0,,,,,49533,LD,71995,2306.0,9589.0,4842.0,0,31061.0,1486.0,249.0,,,,,,,49533
Weston-super-Mare,Weston-super-Mare,71604,13296,5279,15831,2240,2483,3260,0,0,0,,,,,42389,REF,71604,16310.0,11901.0,7735.0,0,3756.0,2688.0,,,,,,,,42390
Wetherby and Easingwold,Wetherby and Easingwold,74591,11451,19735,10351,1907,2980,5284,499,0,0,,,,,52207,CON,74591,15751.0,20597.0,7288.0,0,3351.0,4529.0,743.0,,,,,,,52259
Whitehaven and Workington,Whitehaven and Workington,73270,14788,4374,16036,2700,1051,2962,0,0,0,,,,,41911,REF,73270,22173.0,8455.0,8887.0,0,1189.0,1207.0,,,,,,,,41911
Widnes and Halewood,Widnes and Halewood,70195,15864,2299,12985,2090,1388,3366,124,0,0,,,,,38116,LAB,70195,23484.0,3507.0,7059.0,0,1593.0,2058.0,415.0,,,,,,,38116
Wigan,Wigan,77607,17382,2588,13804,2501,1276,2292,1015,0,0,,,,,40858,LAB,77607,19401.0,4310.0,9852.0,0,1692.0,1629.0,4015.0,,,,,,,40899
Wimbledon,Wimbledon,76368,6870,16896,2825,753,22328,4971,342,0,0,,,,,54985,LD,76368,11733.0,12180.0,3221.0,0,24790.0,2442.0,619.0,,,,,,,54985
Winchester,Winchester,78439,1979,13898,9099,1547,25548,4746,258,0,0,,,,,57075,LD,78439,3023.0,16118.0,4797.0,0,29939.0,2740.0,459.0,,,,,,,57076
Windsor,Windsor,73374,8795,17882,6267,1076,6347,3578,1302,0,0,,,,,45247,CON,73374,10026.0,16483.0,4660.0,0,9539.0,2288.0,2250.0,,,,,,,45246
Wirral West,Wirral West,72769,18208,7908,15328,1839,1998,4670,0,0,0,,,,,49951,LAB,72769,23156.0,13158.0,6422.0,0,3055.0,4160.0,,,,,,,,49951
Witham,Witham,78943,9819,19163,12197,2411,2300,4252,462,0,0,,,,,50604,CON,78943,13682.0,18827.0,9870.0,0,3439.0,3539.0,1246.0,,,,,,,50603
Witney,Witney,75498,3059,12087,12081,1933,18280,2929,215,0,0,,,,,50584,LD,75498,4773.0,16493.0,6307.0,0,20832.0,1661.0,518.0,,,,,,,50584
Woking,Woking,72946,2694,13542,6446,1251,20588,3491,85,0,0,,,,,48097,LD,72946,4444.0,12773.0,4888.0,0,24019.0,1853.0,168.0,,,,,,,48145
Wokingham,Wokingham,75102,2293,15389,9261,1308,22371,3377,0,0,0,,,,,53999,LD,75102,3631.0,17398.0,5274.0,0,25743.0,1953.0,,,,,,,,53999
Wolverhampton North East,Wolverhampton North East,70677,11768,5518,11126,1788,887,2203,0,0,0,,,,,33290,LAB,70677,14282.0,8860.0,7721.0,0,1002.0,1424.0,,,,,,,,33289
Wolverhampton South East,Wolverhampton South East,77452,13490,5558,7890,1678,1015,3124,595,0,0,,,,,33350,LAB,77452,16800.0,5654.0,7612.0,0,758.0,1643.0,915.0,,,,,,,33382
Wolverhampton West,Wolverhampton West,77819,18138,10622,6847,1361,1403,3877,1408,0,0,,,,,43656,LAB,77819,19331.0,11463.0,6078.0,0,1376.0,2550.0,2859.0,,,,,,,43657
Worcester,Worcester,74977,15327,6336,14193,2020,2593,5369,197,0,0,,,,,46035,LAB,74977,18622.0,11506.0,6723.0,0,3986.0,4789.0,410.0,,,,,,,46036
Worsley and Eccles,Worsley and Eccles,78940,16077,6138,11934,2092,1446,4291,564,0,0,,,,,42542,LAB,78940,20277.0,6791.0,9186.0,0,1851.0,3283.0,1155.0,,,,,,,42543
Worthing West,Worthing West,76918,16570,8628,17713,2111,1819,3935,170,0,0,,,,,50946,REF,76918,20519.0,16570.0,7562.0,0,2708.0,3274.0,364.0,,,,,,,50997
Wrexham,Wrexham,70336,7517,9139,7717,2199,1102,2145,132,0,9609,,,,,39560,PLAID,70336,15836.0,9888.0,6915.0,0,1777.0,1339.0,480.0,,4138.0,,,,,40373
Wycombe,Wycombe,73416,16682,11575,5885,1168,2769,3621,2937,0,0,,,,,44637,LAB,73416,16035.0,11444.0,4769.0,0,4236.0,2193.0,5960.0,,,,,,,44637
Wyre Forest,Wyre Forest,77325,11189,10291,15767,2609,1800,3028,476,0,0,,,,,45160,REF,77325,13677.0,14489.0,9682.0,0,2809.0,2443.0,2058.0,,,,,,,45158
Wythenshawe and Sale East,Wythenshawe and Sale East,76880,15509,4749,9559,1614,2021,4982,697,0,0,,,,,39131,LAB,76880,20596.0,5392.0,5986.0,0,1985.0,4133.0,1040.0,,,,,,,39132
Yeovil,Yeovil,79840,2092,6842,13656,2535,19716,3905,156,0,0,,,,,48902,LD,79840,3002.0,11497.0,7677.0,0,23765.0,2403.0,608.0,,,,,,,48952
Ynys Môn,Ynys Môn,53140,3176,9668,3392,1390,347,1207,71,0,13377,,,,,32628,PLAID,53140,7619.0,9953.0,3223.0,0,439.0,604.0,200.0,,10590.0,,,,,32628
York Central,York Central,79910,16787,2679,9774,1504,2068,10258,209,0,0,,,,,43279,LAB,79910,24537.0,5383.0,4721.0,0,3051.0,5185.0,446.0,,,,,,,43323
York Outer,York Outer,76277,16850,11609,12613,1973,3594,4281,186,0,0,,,,,51106,LAB,76277,23161.0,13770.0,5912.0,0,5496.0,2212.0,555.0,,,,,,,51106
